"additionalInfo/Accessibility/0/Assistive hearing loop","additionalInfo/Accessibility/0/Wheelchair accessible entrance","additionalInfo/Accessibility/0/Wheelchair accessible parking lot","additionalInfo/Accessibility/0/Wheelchair accessible restroom","additionalInfo/Accessibility/0/Wheelchair accessible seating","additionalInfo/Accessibility/1/Assistive hearing loop","additionalInfo/Accessibility/1/Wheelchair accessible entrance","additionalInfo/Accessibility/1/Wheelchair accessible parking lot","additionalInfo/Accessibility/1/Wheelchair accessible restroom","additionalInfo/Accessibility/1/Wheelchair accessible seating","additionalInfo/Accessibility/2/Assistive hearing loop","additionalInfo/Accessibility/2/Wheelchair accessible entrance","additionalInfo/Accessibility/2/Wheelchair accessible parking lot","additionalInfo/Accessibility/2/Wheelchair accessible restroom","additionalInfo/Accessibility/2/Wheelchair accessible seating","additionalInfo/Accessibility/3/Assistive hearing loop","additionalInfo/Accessibility/3/Wheelchair accessible entrance","additionalInfo/Accessibility/3/Wheelchair accessible parking lot","additionalInfo/Accessibility/3/Wheelchair accessible restroom","additionalInfo/Accessibility/3/Wheelchair accessible seating","additionalInfo/Accessibility/4/Assistive hearing loop","additionalInfo/Accessibility/4/Wheelchair accessible entrance","additionalInfo/Accessibility/4/Wheelchair accessible parking lot","additionalInfo/Accessibility/4/Wheelchair accessible restroom","additionalInfo/Accessibility/4/Wheelchair accessible seating","additionalInfo/Amenities/0/Gender-neutral restroom","additionalInfo/Amenities/0/Restroom","additionalInfo/Amenities/1/Gender-neutral restroom","additionalInfo/Amenities/1/Restroom","additionalInfo/Parking/0/Free parking garage","additionalInfo/Parking/0/Free parking lot","additionalInfo/Parking/0/Free street parking","additionalInfo/Parking/0/On-site parking","additionalInfo/Parking/0/Paid parking garage","additionalInfo/Parking/0/Paid parking lot","additionalInfo/Parking/0/Paid street parking","additionalInfo/Parking/1/Free parking garage","additionalInfo/Parking/1/Free parking lot","additionalInfo/Parking/1/Free street parking","additionalInfo/Parking/1/On-site parking","additionalInfo/Parking/1/Paid parking garage","additionalInfo/Parking/1/Paid parking lot","additionalInfo/Parking/1/Paid street parking","additionalInfo/Parking/2/Free parking garage","additionalInfo/Parking/2/Free parking lot","additionalInfo/Parking/2/Free street parking","additionalInfo/Parking/2/On-site parking","additionalInfo/Parking/2/Paid parking garage","additionalInfo/Parking/2/Paid parking lot","additionalInfo/Parking/2/Paid street parking","additionalInfo/Parking/3/Free parking garage","additionalInfo/Parking/3/Free parking lot","additionalInfo/Parking/3/Free street parking","additionalInfo/Parking/3/On-site parking","additionalInfo/Parking/3/Paid parking garage","additionalInfo/Parking/3/Paid parking lot","additionalInfo/Parking/3/Paid street parking","additionalInfo/Parking/4/Free parking garage","additionalInfo/Parking/4/Free parking lot","additionalInfo/Parking/4/Free street parking","additionalInfo/Parking/4/On-site parking","additionalInfo/Parking/4/Paid parking garage","additionalInfo/Parking/4/Paid parking lot","additionalInfo/Parking/4/Paid street parking","additionalInfo/Parking/5/Free parking garage","additionalInfo/Parking/5/Free parking lot","additionalInfo/Parking/5/Free street parking","additionalInfo/Parking/5/On-site parking","additionalInfo/Parking/5/Paid parking garage","additionalInfo/Parking/5/Paid parking lot","additionalInfo/Parking/5/Paid street parking","additionalInfo/Parking/6/Free parking garage","additionalInfo/Parking/6/Free parking lot","additionalInfo/Parking/6/Free street parking","additionalInfo/Parking/6/On-site parking","additionalInfo/Parking/6/Paid parking garage","additionalInfo/Parking/6/Paid parking lot","additionalInfo/Parking/6/Paid street parking","additionalInfo/Payments/0/Cash-only","additionalInfo/Payments/0/Credit cards","additionalInfo/Payments/0/Debit cards","additionalInfo/Payments/0/NFC mobile payments","additionalInfo/Payments/1/Cash-only","additionalInfo/Payments/1/Credit cards","additionalInfo/Payments/1/Debit cards","additionalInfo/Payments/1/NFC mobile payments","additionalInfo/Payments/2/Cash-only","additionalInfo/Payments/2/Credit cards","additionalInfo/Payments/2/Debit cards","additionalInfo/Payments/2/NFC mobile payments","additionalInfo/Planning/0/Appointment required","additionalInfo/Service options/0/Online appointments","additionalInfo/Service options/0/Online estimates","additionalInfo/Service options/0/Onsite services","additionalInfo/Service options/1/Online appointments","additionalInfo/Service options/1/Online estimates","additionalInfo/Service options/1/Onsite services","additionalInfo/Service options/2/Online appointments","additionalInfo/Service options/2/Online estimates","additionalInfo/Service options/2/Onsite services","address","categories/0","categories/1","categories/2","categories/3","categories/4","categories/5","categories/6","categories/7","categories/8","categories/9","categoryName","cid","city","claimThisBusiness","countryCode","fid","googleFoodUrl","imageUrl","imagesCount","isAdvertisement","kgmid","language","location/lat","location/lng","neighborhood","openingHours/0/day","openingHours/0/hours","openingHours/1/day","openingHours/1/hours","openingHours/2/day","openingHours/2/hours","openingHours/3/day","openingHours/3/hours","openingHours/4/day","openingHours/4/hours","openingHours/5/day","openingHours/5/hours","openingHours/6/day","openingHours/6/hours","permanentlyClosed","phone","phoneUnformatted","placeId","postalCode","price","rank","reviewsCount","scrapedAt","searchPageUrl","searchString","state","street","subTitle","temporarilyClosed","title","totalScore","url","website"
,"true",,,,,,"true",,,,,,"true",,,,,,"true",,,,,,"true",,,"true",,,"true",,,,,,,,"true",,,,,,,,,,,,,,,,,,,,,,,,,,,,,,,,,,,,,,,,,,,,,,,,,,,,,,"true",,,,,,,"Tafteesh Al Rai, Asad, المظلات، Cairo Governorate 11614, Egypt","Bus charter","Bus company","Bus depot","Bus tour agency","Limousine service","Mover","RV dealer","Sightseeing tour agency","Tour agency","Used car dealer","Bus charter","8998019618216616161","المظلات","false","EG","0x1458416224157d0d:0x7cdf632b51cc20e1",,"https://lh3.googleusercontent.com/p/AF1QipPO1VAV1XT0eQKd4I3uuIiJI_3KJ23ykqM2VrR8=w408-h243-k-no","389","false","/g/11h0sp_p0n","en","30.1026018","31.2440365","Asad",,,,,,,,,,,,,,,"false","+20 10 60599288","+201060599288","ChIJDX0VJGJBWBQR4SDMUStj33w","11614",,"1","157","2025-12-13T21:20:05.230Z","https://www.google.com/maps/search/%D8%B4%D8%B1%D9%83%D8%A7%D8%AA%20%D8%A7%D9%84%D8%A7%D8%AA%D9%88%D8%A8%D9%8A%D8%B3%D8%A7%D8%AA%20%D9%81%D9%89%20%D9%85%D8%B5%D8%B1/@24.110089923959023,36.93093187483475,9z?hl=en","شركات الاتوبيسات فى مصر","Cairo Governorate","Tafteesh Al Rai",,"false","شركه نقل سياحى في مصر ميراج للنقل والرحلات السياحية","4.7","https://www.google.com/maps/search/?api=1&query=%D8%B4%D8%B1%D9%83%D9%87%20%D9%86%D9%82%D9%84%20%D8%B3%D9%8A%D8%A7%D8%AD%D9%89%20%D9%81%D9%8A%20%D9%85%D8%B5%D8%B1%20%D9%85%D9%8A%D8%B1%D8%A7%D8%AC%20%D9%84%D9%84%D9%86%D9%82%D9%84%20%D9%88%D8%A7%D9%84%D8%B1%D8%AD%D9%84%D8%A7%D8%AA%20%D8%A7%D9%84%D8%B3%D9%8A%D8%A7%D8%AD%D9%8A%D8%A9&query_place_id=ChIJDX0VJGJBWBQR4SDMUStj33w","https://www.touristtransports.com/?m=1"
,"true",,,,,,,,,,,,,,,,,,,,,,,,,"true",,,,,,,,,,,,,,,,,,,,,,,,,,,,,,,,,,,,,,,,,,,,,,,,,,,,"true",,,,,,,,,,,,,,,,,,,,,,"7 El-Taawon, Al Gayarah, Al Azbakeya, Cairo Governorate 4321031, Egypt","Bus company",,,,,,,,,,"Bus company","1029211962531252887","Al Azbakeya","false","EG","0x145840927abe2f35:0xe487ed3b1420a97",,"https://lh3.googleusercontent.com/gps-cs-s/AG0ilSyvsDpa0HW_hIQzcQFw5yJiJ8-MKg_iCqiYev2N6urdPfUf5wx_3b7UfE5eTwA34z3-dc9tI0HPP93xwimUSlyD3g5gIzjmgIke3xuLFJBAULdKbRkTUWxwMT7WmkyRuLkCng0=w408-h408-k-no","277","false","/g/1tkjncfm","en","30.0605051","31.243469","Al Gayarah",,,,,,,,,,,,,,,"false","+20 2 25749293","+20225749293","ChIJNS--epJAWBQRlwpCsdN-SA4","4321031",,"2","4843","2025-12-13T21:20:05.231Z","https://www.google.com/maps/search/%D8%B4%D8%B1%D9%83%D8%A7%D8%AA%20%D8%A7%D9%84%D8%A7%D8%AA%D9%88%D8%A8%D9%8A%D8%B3%D8%A7%D8%AA%20%D9%81%D9%89%20%D9%85%D8%B5%D8%B1/@24.110089923959023,36.93093187483475,9z?hl=en","شركات الاتوبيسات فى مصر","Cairo Governorate","7 El-Taawon","شرق الدلتا للنقل و السياحة","false","East Delta Travel","3.4","https://www.google.com/maps/search/?api=1&query=East%20Delta%20Travel&query_place_id=ChIJNS--epJAWBQRlwpCsdN-SA4","https://www.eastdelta-travel.com/"
,,,,,,,,,,,,,,,,,,,,,,,,,,"true",,,,,,,,,,,,,,,,,,,,,,,,,,,,,,,,,,,,,,,,,,,,,,,,,,,,,,"true",,,,,,,,,,,,,,,,,,,,"موقف, Emtedad Ahmed Helmi, Ash Shamashargi, Shubra, Cairo Governorate 4342023, Egypt","Bus company",,,,,,,,,,"Bus company","12359163184297181412","Shubra","false","EG","0x1458408e91554c69:0xab84916f391e80e4",,"https://lh3.googleusercontent.com/gps-cs-s/AG0ilSw2gMn63-o_gHpib-BlRzYcK5BvHKy37IEg209v0opRP0XXIBrM4OMvStiiWyqf1G9lqH8rTUBOeFkYLB_ZdwgBJMJdbmhiXCnguNeOdlh3SY8_unKmcPPfrD_4srNIsaEMTSiV=w488-h240-k-no","48","false","/g/11c6zw5bb9","en","30.0650924","31.2469873","Ash Shamashargi",,,,,,,,,,,,,,,"false","+20 11 01016327","+201101016327","ChIJaUxVkY5AWBQR5IAeOW-RhKs",,,"3","1068","2025-12-13T21:20:05.231Z","https://www.google.com/maps/search/%D8%B4%D8%B1%D9%83%D8%A7%D8%AA%20%D8%A7%D9%84%D8%A7%D8%AA%D9%88%D8%A8%D9%8A%D8%B3%D8%A7%D8%AA%20%D9%81%D9%89%20%D9%85%D8%B5%D8%B1/@24.110089923959023,36.93093187483475,9z?hl=en","شركات الاتوبيسات فى مصر","Cairo Governorate","موقف, Emtedad Ahmed Helmi",,"false","الايمان جيت للنقل البري","3.1","https://www.google.com/maps/search/?api=1&query=%D8%A7%D9%84%D8%A7%D9%8A%D9%85%D8%A7%D9%86%20%D8%AC%D9%8A%D8%AA%20%D9%84%D9%84%D9%86%D9%82%D9%84%20%D8%A7%D9%84%D8%A8%D8%B1%D9%8A&query_place_id=ChIJaUxVkY5AWBQR5IAeOW-RhKs","https://www.facebook.com/elemanjet"
,,,,,,,,,,,,,,,,,,,,,,,,,,,,,,,,,,,,,,,,,,,,,,,,,,,,,,,,,,,,,,,,,,,,,,,,,,,,,,,,,,,,,,,,,,,,,,,,,,,,"5أبراج الملتقي العباسيه امام برج مصر للسياحه شارع امتداد رمسيس, El-Abaseya, 11517, Egypt","Transportation service",,,,,,,,,,"Transportation service","5563536706058159170","El Weili","false","EG","0x14583fc75c172d7f:0x4d35a72843718442",,"https://lh3.googleusercontent.com/p/AF1QipMXJrDPemihCH5SlH6wv_BLhKxgXoy_a8CVYzl_=w408-h306-k-no","15","false","/g/11rxv04_y8","en","30.0727317","31.286996","El-Qobba Bridge","Monday","Open 24 hours","Tuesday","Open 24 hours","Wednesday","Open 24 hours","Thursday","Open 24 hours","Friday","Open 24 hours","Saturday","Open 24 hours","Sunday","Open 24 hours","false","+20 10 08439686","+201008439686","ChIJfy0XXMc_WBQRQoRxQyinNU0","11517",,"4","57","2025-12-13T21:20:05.231Z","https://www.google.com/maps/search/%D8%B4%D8%B1%D9%83%D8%A7%D8%AA%20%D8%A7%D9%84%D8%A7%D8%AA%D9%88%D8%A8%D9%8A%D8%B3%D8%A7%D8%AA%20%D9%81%D9%89%20%D9%85%D8%B5%D8%B1/@24.110089923959023,36.93093187483475,9z?hl=en","شركات الاتوبيسات فى مصر","Cairo Governorate","5أبراج الملتقي العباسيه امام برج مصر للسياحه شارع امتداد رمسيس, El-Abaseya",,"false","Bus Misr","3.2","https://www.google.com/maps/search/?api=1&query=Bus%20Misr&query_place_id=ChIJfy0XXMc_WBQRQoRxQyinNU0","https://busmisr.com/"
,"true",,,,,,"true",,,,,,"true",,,,,,,,,,,,,"true",,,,"true",,,,,,,,,,,,,,,,,,,,,,,,,,,,,,,,,,,,,,,,,,,,,,,,,,,,,,,,,,,,,,,"true",,,,,,,"228 Al Mokhaym Al Daem, Al Hay as Sades, Nasr City, Cairo Governorate 4434021, Egypt","Transportation service",,,,,,,,,,"Transportation service","217494430062502676","Nasr City","true","EG","0x14583ff7276bf1ab:0x304b20824806314",,"https://lh3.googleusercontent.com/gps-cs-s/AG0ilSwtpapD3Ii-_boILuHzKycgCsr4xmU-n7xbZpvA5VGTYjIAubH1xe7z8tRF9uPDC87QtW2E7MY0rZpjH7ftAZ-M9iM3cG6e4Pg-tA65G6_zeTd5BFQvTJUljhQwovcWscfgAh6tTQ=w426-h240-k-no","1426","false","/g/11h7ksp_2r","en","30.0464349","31.3185799","Al Hay as Sades","Monday","Open 24 hours","Tuesday","Open 24 hours","Wednesday","Open 24 hours","Thursday","Open 24 hours","Friday","Open 24 hours","Saturday","Open 24 hours","Sunday","Open 24 hours","false",,,"ChIJq_FrJ_c_WBQRFGOAJAiyBAM","4434021",,"5","11421","2025-12-13T21:20:05.231Z","https://www.google.com/maps/search/%D8%B4%D8%B1%D9%83%D8%A7%D8%AA%20%D8%A7%D9%84%D8%A7%D8%AA%D9%88%D8%A8%D9%8A%D8%B3%D8%A7%D8%AA%20%D9%81%D9%89%20%D9%85%D8%B5%D8%B1/@24.110089923959023,36.93093187483475,9z?hl=en","شركات الاتوبيسات فى مصر","Cairo Governorate","228 Al Mokhaym Al Daem","جو باص مدينة نصر المحطة الرئيسية","false","Go Bus main station","4.2","https://www.google.com/maps/search/?api=1&query=Go%20Bus%20main%20station&query_place_id=ChIJq_FrJ_c_WBQRFGOAJAiyBAM","http://www.go-bus.com/"
,"true",,,,,,"true",,,,,,,,,,,,,,,,,,,"true",,,,"true",,,,,,,,,,,,,,,,,,,,,,,,,,,,,,,,,,,,,,,,,,,,,,,,"true",,,,,,,,,,,,,,,,,,,,,,"محطة عبود، موقف عبود, Shobra, Menyat as Serg, El Sahel, Cairo Governorate 4354180, Egypt","Bus charter",,,,,,,,,,"Bus charter","4131495869912321433","El Sahel","true","EG","0x145840047d7609b7:0x3956059aa51e0d99",,"https://lh3.googleusercontent.com/gps-cs-s/AG0ilSySh3f5q5A8giFPE-y3ooEuJVPKxSRUmFpDCl9XvsZNF_7sBhhnv8M86JR_igUJ-EliDnphh-RsQBlmLp6p4MdmVYjY-R6D_3N2fiuldR6P9wvhAAUuXXrsuLNRFbRysauF6kbgTQ=w408-h906-k-no","32","false","/g/11c1s1x64j","en","30.1059575","31.2541789","Menyat as Serg",,,,,,,,,,,,,,,"false","+20 2 24316723","+20224316723","ChIJtwl2fQRAWBQRmQ0epZoFVjk","4354180",,"6","1327","2025-12-13T21:20:05.232Z","https://www.google.com/maps/search/%D8%B4%D8%B1%D9%83%D8%A7%D8%AA%20%D8%A7%D9%84%D8%A7%D8%AA%D9%88%D8%A8%D9%8A%D8%B3%D8%A7%D8%AA%20%D9%81%D9%89%20%D9%85%D8%B5%D8%B1/@24.110089923959023,36.93093187483475,9z?hl=en","شركات الاتوبيسات فى مصر","Cairo Governorate","محطة عبود، موقف عبود, Shobra","الصعيد للنقل والسياحة","false","Upper Egypt For Transport & Tourism","3.8","https://www.google.com/maps/search/?api=1&query=Upper%20Egypt%20For%20Transport%20%26%20Tourism&query_place_id=ChIJtwl2fQRAWBQRmQ0epZoFVjk",
,,,,,,,,,,,,,,,,,,,,,,,,,,,,,,,,,,,,,,,,,,,,,,,,,,,,,,,,,,,,,,,,,,,,,,,,,,,,,,,,,,,,,,,,,,,,,,,,,,,,"بجوار محطه مترو المظلات، عماره 7، تفتيش الري ابراج اغاخان، 11614, Egypt","Bus tour agency","Bus charter","Bus company","Limousine service","School bus service",,,,,,"Bus tour agency","10712780477738421421","El Sahel","false","EG","0x1458414dfdaa14b9:0x94ab7115f4568cad",,"https://lh3.googleusercontent.com/p/AF1QipObMAeLbRklpYOKfz2y_UWqlBmyGksi6RDV-E1o=w426-h240-k-no","44","false","/g/11j497czzp","en","30.1023655","31.2435263","Asad",,,,,,,,,,,,,,,"false","+20 10 69787768","+201069787768","ChIJuRSq_U1BWBQRrYxW9BVxq5Q","11614",,"7","15","2025-12-13T21:20:05.232Z","https://www.google.com/maps/search/%D8%B4%D8%B1%D9%83%D8%A7%D8%AA%20%D8%A7%D9%84%D8%A7%D8%AA%D9%88%D8%A8%D9%8A%D8%B3%D8%A7%D8%AA%20%D9%81%D9%89%20%D9%85%D8%B5%D8%B1/@24.110089923959023,36.93093187483475,9z?hl=en","شركات الاتوبيسات فى مصر","Cairo Governorate","بجوار محطه مترو المظلات، عماره 7، تفتيش الري ابراج اغاخان",,"false","ايجار ميكروباص رحلات بالسائق لتنفيذ للرحلات داخل مصر وايجار ميني باص 21 راكب تويوتا كوستر","4.6","https://www.google.com/maps/search/?api=1&query=%D8%A7%D9%8A%D8%AC%D8%A7%D8%B1%20%D9%85%D9%8A%D9%83%D8%B1%D9%88%D8%A8%D8%A7%D8%B5%20%D8%B1%D8%AD%D9%84%D8%A7%D8%AA%20%D8%A8%D8%A7%D9%84%D8%B3%D8%A7%D8%A6%D9%82%20%D9%84%D8%AA%D9%86%D9%81%D9%8A%D8%B0%20%D9%84%D9%84%D8%B1%D8%AD%D9%84%D8%A7%D8%AA%20%D8%AF%D8%A7%D8%AE%D9%84%20%D9%85%D8%B5%D8%B1%20%D9%88%D8%A7%D9%8A%D8%AC%D8%A7%D8%B1%20%D9%85%D9%8A%D9%86%D9%8A%20%D8%A8%D8%A7%D8%B5%2021%20%D8%B1%D8%A7%D9%83%D8%A8%20%D8%AA%D9%88%D9%8A%D9%88%D8%AA%D8%A7%20%D9%83%D9%88%D8%B3%D8%AA%D8%B1&query_place_id=ChIJuRSq_U1BWBQRrYxW9BVxq5Q","https://www.touristtransports.com/?m=1"
,,,,,,,,,,,,,,,,,,,,,,,,,,,,,,,,,,,,,,,,,,,,,,,,,,,,,,,,,,,,,,,,,,,,,,,,,,,,,,,,,,,,,,,,,,,,,,,,,,,,"Hurghada, Red Sea Governorate 1970122, Egypt","Bus company",,,,,,,,,,"Bus company","4042529583833645226","Hurghada","true","EG","0x145287c786b85ed9:0x3819f33cfe6980aa",,"https://lh3.googleusercontent.com/gps-cs-s/AG0ilSzbtZZAIeXxbTwMs62wwooFfofCQe51EV-Y2-n8vVStuiNdNqV-_HyMKGXS1i6J_e60-UE5ND3wfHkBbhQrlSKrEGqEk84oFnIbCtXeRfKjBxDiU11QRfuqb1M0aGPPlY8ia8Dd=w426-h240-k-no","32","false","/g/11g9nfbw15","en","27.240912","33.827659",,,,,,,,,,,,,,,,"false","+20 2 22909013","+20222909013","ChIJ2V64hseHUhQRqoBp_jzzGTg",,,"8","829","2025-12-13T21:20:05.232Z","https://www.google.com/maps/search/%D8%B4%D8%B1%D9%83%D8%A7%D8%AA%20%D8%A7%D9%84%D8%A7%D8%AA%D9%88%D8%A8%D9%8A%D8%B3%D8%A7%D8%AA%20%D9%81%D9%89%20%D9%85%D8%B5%D8%B1/@24.110089923959023,36.93093187483475,9z?hl=en","شركات الاتوبيسات فى مصر","Red Sea Governorate",,"شركة الاتحاد العربي للنقل البري والسياحة","false","Super Jet","3.8","https://www.google.com/maps/search/?api=1&query=Super%20Jet&query_place_id=ChIJ2V64hseHUhQRqoBp_jzzGTg",
,"true",,,,,,"true",,,,,,,,,,,,,,,,,,,"true",,,,"true",,,,,,,,,,,"true",,,,,,,,,,,,,,,,,,,,,,,,,,,,,,,,,,,,,,,,,,,,,,,,,,,,,,,,,,,"365Q+67G, Boulaq Num.2, Bulaq, Cairo Governorate 4312260, Egypt","Transportation service",,,,,,,,,,"Transportation service","3546965838156531248","Bulaq","true","EG","0x145840ec857d76e1:0x31395aa31dc40630",,"https://lh3.googleusercontent.com/gps-cs-s/AG0ilSy_D7_SBAJjnOSwULy8uVsuEZ2IiDSvWrVVxKiOCBapkvknTHbGoCWGEBnHlRTmYMA3U81__AzASeW6tRREo8GSpG5wkxVeqNCBqxPxHMy-lmY02Duk0PibdwaKBFcurp6j0ws2=w408-h271-k-no","356","false","/g/11cs1ksw4m","en","30.0580556","31.2382041","Boulaq Num.2",,,,,,,,,,,,,,,"false","+20 2 22633254","+20222633254","ChIJ4XZ9hexAWBQRMAbEHaNaOTE",,,"9","3061","2025-12-13T21:20:05.232Z","https://www.google.com/maps/search/%D8%B4%D8%B1%D9%83%D8%A7%D8%AA%20%D8%A7%D9%84%D8%A7%D8%AA%D9%88%D8%A8%D9%8A%D8%B3%D8%A7%D8%AA%20%D9%81%D9%89%20%D9%85%D8%B5%D8%B1/@24.110089923959023,36.93093187483475,9z?hl=en","شركات الاتوبيسات فى مصر","Cairo Governorate","365Q+67G","موقف اتوبيس الترجمان","false","Torgoman bus stand","3.7","https://www.google.com/maps/search/?api=1&query=Torgoman%20bus%20stand&query_place_id=ChIJ4XZ9hexAWBQRMAbEHaNaOTE",
,"true",,,,,,"true",,,,,,"true",,,,,,,,,,,,,"true",,,,,,,,"true",,,,,,,,,,,,,,,,,,,,,,,,,,,,,,,,,,,,,,,,,,,,,,,,,,,,,,,,,,,"true",,,,,,,"El-Galaa St, Sharkas, Bulaq, Cairo Governorate 4310004, Egypt","Transportation service","Bus ticket agency",,,,,,,,,"Transportation service","6219715343830632087","Bulaq","true","EG","0x145840c3efaaecf5:0x5650de26d9124697",,"https://lh3.googleusercontent.com/p/AF1QipPfdiTrB5wLapp9Qdn3eMKUohg6_e9nFUYNSZAE=w408-h263-k-no","2355","false","/g/11c1wwpzt4","en","30.0504458","31.2332147","Sharkas","Monday","Open 24 hours","Tuesday","Open 24 hours","Wednesday","Open 24 hours","Thursday","Open 24 hours","Friday","Open 24 hours","Saturday","Open 24 hours","Sunday","Open 24 hours","false","+20 2 27702270","+20227702270","ChIJ9eyq78NAWBQRl0YS2SbeUFY",,,"10","28633","2025-12-13T21:20:05.232Z","https://www.google.com/maps/search/%D8%B4%D8%B1%D9%83%D8%A7%D8%AA%20%D8%A7%D9%84%D8%A7%D8%AA%D9%88%D8%A8%D9%8A%D8%B3%D8%A7%D8%AA%20%D9%81%D9%89%20%D9%85%D8%B5%D8%B1/@24.110089923959023,36.93093187483475,9z?hl=en","شركات الاتوبيسات فى مصر","Cairo Governorate","El-Galaa St","جو باص","false","Go Bus (Tahrir) Office","3.8","https://www.google.com/maps/search/?api=1&query=Go%20Bus%20(Tahrir)%20Office&query_place_id=ChIJ9eyq78NAWBQRl0YS2SbeUFY","https://go-bus.com/"
,"true",,,,,,"true",,,,,,,,,,,,,,,,,,,"true",,,,,,,,,,,,,,,,,,,,,,,,,,,,,,,,,,,,,,,,,,,,,,,,,,,,"true",,,,,,,,,,,,,,,,,,,,,,"GPW2+5Q2، el noqrashy st.، GHARB DISTRICT, Sohag 2, Sohag Governorate 1674013, Egypt","Bus company",,,,,,,,,,"Bus company","5360853374029349832","Sohag 2","true","EG","0x144f59375b0e09f1:0x4a6593bd9bf943c8",,"https://lh3.googleusercontent.com/gps-cs-s/AG0ilSyl3JAtX-bzo8VMLjWm9d_1CfOHGChDvLJnnAhd22-8oumoWKPPv2br3JtGbGx1eMcIBH8vIVhrkvZDM_HdCU1uN757qaFow2bES5TdOG1fXKZrDn_k76OUZu0PU_vCYTHRxBFy=w426-h240-k-no","9","false","/g/1tcwz5td","en","26.5453943","31.701893","GHARB DISTRICT",,,,,,,,,,,,,,,"false","+20 93 2332021","+20932332021","ChIJ8QkOWzdZTxQRyEP5m72TZUo",,,"11","526","2025-12-13T21:20:05.232Z","https://www.google.com/maps/search/%D8%B4%D8%B1%D9%83%D8%A7%D8%AA%20%D8%A7%D9%84%D8%A7%D8%AA%D9%88%D8%A8%D9%8A%D8%B3%D8%A7%D8%AA%20%D9%81%D9%89%20%D9%85%D8%B5%D8%B1/@24.110089923959023,36.93093187483475,9z?hl=en","شركات الاتوبيسات فى مصر","Sohag Governorate","GPW2+5Q2، el noqrashy st.","الصعيد للنقل والسياحة","false","Upper Egypt For Transport & Tourism","3.5","https://www.google.com/maps/search/?api=1&query=Upper%20Egypt%20For%20Transport%20%26%20Tourism&query_place_id=ChIJ8QkOWzdZTxQRyEP5m72TZUo",
,,,,,,,,,,,,,,,,,,,,,,,,,,"true",,,,,,,,,,,,,,,,,,,,,,,,,,,,,,,,,,,,,,,,,,,,,,,,,,,,,"true",,,,,"true",,,,,,,,,,,,,,,,"366X+WRV, Ramses, Al Fagalah, Al Azbakeya, Cairo Governorate 4320312, Egypt","Bus company",,,,,,,,,,"Bus company","6623531136180637657","Al Azbakeya","true","EG","0x1458408fc77f75b7:0x5beb8279b2c94fd9",,"https://lh3.googleusercontent.com/gps-cs-s/AG0ilSypsTqz92fUWxX127vXP6iygbbkxGzomONtGC7zl6gT62H2PEqzKieGRMiB-TaVf7kBtqMwhePTDKHmDCDqpuf8xfgXq3IvK67qoTZSNRKyDLuQZJRz2WccYh0lK7c84G35e0A=w480-h240-k-no","98","false","/g/11c1xcrzxd","en","30.0623531","31.2495522","Al Fagalah",,,,,,,,,,,,,,,"false",,,"ChIJt3V_x49AWBQR2U_JsnmC61s",,,"12","3766","2025-12-13T21:20:05.232Z","https://www.google.com/maps/search/%D8%B4%D8%B1%D9%83%D8%A7%D8%AA%20%D8%A7%D9%84%D8%A7%D8%AA%D9%88%D8%A8%D9%8A%D8%B3%D8%A7%D8%AA%20%D9%81%D9%89%20%D9%85%D8%B5%D8%B1/@24.110089923959023,36.93093187483475,9z?hl=en","شركات الاتوبيسات فى مصر","Cairo Governorate","366X+WRV, Ramses","سوبرجيت الاتحاد العربي","false","Super Jet Ramsis","3.7","https://www.google.com/maps/search/?api=1&query=Super%20Jet%20Ramsis&query_place_id=ChIJt3V_x49AWBQR2U_JsnmC61s",
,"true",,,,,,,,,,,,,,,,,,,,,,,,,,,,,,,,,,,,,,,,,,,,,,,,,,,,,,,,,,,,,,,,,,,,,,,,,,,,,,"true",,,,,"true",,,,,"true",,"true",,,,,"true",,,,"6 Ezzat Mohammed Selim, Almazah, Heliopolis, Cairo Governorate 4461233, Egypt","Bus ticket agency","Corporate office",,,,,,,,,"Bus ticket agency","10409142838944070501","Heliopolis","false","EG","0x14583e00026f3213:0x9074b443138ffb65",,"https://lh3.googleusercontent.com/p/AF1QipOWA0Dw3pAfFWNX9AFSyyBgV38gDebCdxcxl2i5=w426-h240-k-no","111","false","/g/11hbkd7_mb","en","30.0850767","31.353292","Almazah",,,,,,,,,,,,,,,"false","+20 2 27702270","+20227702270","ChIJEzJvAgA-WBQRZfuPE0O0dJA","4461233",,"13","2746","2025-12-13T21:20:05.232Z","https://www.google.com/maps/search/%D8%B4%D8%B1%D9%83%D8%A7%D8%AA%20%D8%A7%D9%84%D8%A7%D8%AA%D9%88%D8%A8%D9%8A%D8%B3%D8%A7%D8%AA%20%D9%81%D9%89%20%D9%85%D8%B5%D8%B1/@24.110089923959023,36.93093187483475,9z?hl=en","شركات الاتوبيسات فى مصر","Cairo Governorate","6 Ezzat Mohammed Selim","جوباص ألماظة","false","Go Bus Almaza","3.9","https://www.google.com/maps/search/?api=1&query=Go%20Bus%20Almaza&query_place_id=ChIJEzJvAgA-WBQRZfuPE0O0dJA","https://go-bus.com/"
,,,,,,,,,,,,,,,,,,,,,,,,,,,,,,,,,,,,,,,,,,,,,,,,,,,,,,,,,,,,,,,,,,,,,,,,,,,,,,,,,,,,,,,,,,,,,,,,,,,,"26XP+J32, Sharkas, Bulaq, Cairo Governorate 4272130, Egypt","Transportation service",,,,,,,,,,"Transportation service","4806115122303058290","Bulaq","true","EG","0x145840c3df60dc8d:0x42b2c03d6681c172",,"https://lh3.googleusercontent.com/gps-cs-s/AG0ilSxggW1V63t9FZKx0sZ5Lpg3kSoESRDs9BZWSCUza2hR6eMJQW_Zn9RcJcE5nM5yvvp4AHwRmWp3I1t6srboE1O1dj5HJRvhrhCnD9GnBNpJOtlt6HwoAIyia4bCQhQLCSt-yyYn=w426-h240-k-no","14","false","/g/11cn6f0964","en","30.0490242","31.2351521","Sharkas","Monday","Open 24 hours","Tuesday","Open 24 hours","Wednesday","Open 24 hours","Thursday","Open 24 hours","Friday","Open 24 hours","Saturday","Open 24 hours","Sunday","Open 24 hours","false","+20 10 09967630","+201009967630","ChIJjdxg38NAWBQRcsGBZj3AskI",,,"14","265","2025-12-13T21:20:05.232Z","https://www.google.com/maps/search/%D8%B4%D8%B1%D9%83%D8%A7%D8%AA%20%D8%A7%D9%84%D8%A7%D8%AA%D9%88%D8%A8%D9%8A%D8%B3%D8%A7%D8%AA%20%D9%81%D9%89%20%D9%85%D8%B5%D8%B1/@24.110089923959023,36.93093187483475,9z?hl=en","شركات الاتوبيسات فى مصر","Cairo Governorate","26XP+J32",,"false","شركة الاتحاد العربي للنقل البري والسياحة سوبر جيت","3.4","https://www.google.com/maps/search/?api=1&query=%D8%B4%D8%B1%D9%83%D8%A9%20%D8%A7%D9%84%D8%A7%D8%AA%D8%AD%D8%A7%D8%AF%20%D8%A7%D9%84%D8%B9%D8%B1%D8%A8%D9%8A%20%D9%84%D9%84%D9%86%D9%82%D9%84%20%D8%A7%D9%84%D8%A8%D8%B1%D9%8A%20%D9%88%D8%A7%D9%84%D8%B3%D9%8A%D8%A7%D8%AD%D8%A9%20%D8%B3%D9%88%D8%A8%D8%B1%20%D8%AC%D9%8A%D8%AA&query_place_id=ChIJjdxg38NAWBQRcsGBZj3AskI",
,,,,,,,,,,,,,,,,,,,,,,,,,,"true",,,,,,,,,,,,,,,,,,,,,,,,,,,,,,,,,,,,,,,,,,,,,,,,,,,,,,,,,,,,,,,,,,,,,,,,,,"28 Mourad, Oula, Al Giza, Giza Governorate 3725111, Egypt","Bus tour agency",,,,,,,,,,"Bus tour agency","355259501673995399","Al Giza","true","EG","0x145846e07d091b25:0x4ee22a2705c5c87",,"https://lh3.googleusercontent.com/gps-cs-s/AG0ilSyEgYPAHSRh3HSFYe571WU6j8r83ii4XfmbNL3rVUwf_WTLCXuCOWlFYEVS_kp3NOY_0erDkgNciV6BdKlE6-A1Vj8yaWAQYx5lVswW95IDOJAg5SXIY1CwgyalKWdg1PCC44cc=w408-h544-k-no","13","false","/g/11c74996f5","en","30.0176401","31.2139415","Oula",,,,,,,,,,,,,,,"false","+20 12 81229908","+201281229908","ChIJJRsJfeBGWBQRh1xccKIi7gQ",,,"15","726","2025-12-13T21:20:05.233Z","https://www.google.com/maps/search/%D8%B4%D8%B1%D9%83%D8%A7%D8%AA%20%D8%A7%D9%84%D8%A7%D8%AA%D9%88%D8%A8%D9%8A%D8%B3%D8%A7%D8%AA%20%D9%81%D9%89%20%D9%85%D8%B5%D8%B1/@24.110089923959023,36.93093187483475,9z?hl=en","شركات الاتوبيسات فى مصر","Giza Governorate","28 Mourad",,"false","شركة الاتحاد العربى","3.7","https://www.google.com/maps/search/?api=1&query=%D8%B4%D8%B1%D9%83%D8%A9%20%D8%A7%D9%84%D8%A7%D8%AA%D8%AD%D8%A7%D8%AF%20%D8%A7%D9%84%D8%B9%D8%B1%D8%A8%D9%89&query_place_id=ChIJJRsJfeBGWBQRh1xccKIi7gQ","https://www.superjet.com.eg/"
,"true",,,,,,,,,,,,,,,,,,,,,,,,,"true",,,,,,,,,,,,,,,,,,,,,,,,,,,,,,,,,,,,,,,,,,,,,,,,,,,,,,,,,,,,,,,,,,,,,,,,,,"الشنهورية، قسم قنا، مركز قنا،، 5P86+3PC، قسم قنا، قنا 1461248،, Egypt","Transportation service",,,,,,,,,,"Transportation service","13836753646385248670","Qena","true","EG","0x144ec98db7700507:0xc00606219162399e",,"https://lh3.googleusercontent.com/gps-cs-s/AG0ilSxZyuBMzlRnjNHxfKQY0A9IBv4yTRtlVSzzZ3VTG1wyMtLmtEE-u1qlkFF2tLbEQUX3P2D_hWCL6Ej6jE_f9QFwNT-ZnYiFoZIJN6YubyQZKS0QolMY6bXVwhk7hWYASvcBrWTlWA=w531-h240-k-no","23","false","/g/11s7rg1v9b","en","26.1653693","32.7119483","Qism Qena","Monday","Open 24 hours","Tuesday","Open 24 hours","Wednesday","Open 24 hours","Thursday","Open 24 hours","Friday","Open 24 hours","Saturday","Open 24 hours","Sunday","Open 24 hours","false","+20 11 14424377","+201114424377","ChIJBwVwt43JThQRnjlikSEGBsA",,,"16","375","2025-12-13T21:20:05.233Z","https://www.google.com/maps/search/%D8%B4%D8%B1%D9%83%D8%A7%D8%AA%20%D8%A7%D9%84%D8%A7%D8%AA%D9%88%D8%A8%D9%8A%D8%B3%D8%A7%D8%AA%20%D9%81%D9%89%20%D9%85%D8%B5%D8%B1/@24.110089923959023,36.93093187483475,9z?hl=en","شركات الاتوبيسات فى مصر","Qena Governorate","الشنهورية، قسم قنا، مركز قنا،، 5P86+3PC، قسم قنا، قنا 1461248،",,"false","محطة أتوبيسات قنا","3.9","https://www.google.com/maps/search/?api=1&query=%D9%85%D8%AD%D8%B7%D8%A9%20%D8%A3%D8%AA%D9%88%D8%A8%D9%8A%D8%B3%D8%A7%D8%AA%20%D9%82%D9%86%D8%A7&query_place_id=ChIJBwVwt43JThQRnjlikSEGBsA",
,"true",,,,,,"true",,,,,,,,,,,,,,,,,,,"true",,,,,,,,,,,,,,,,,,,,,,,,,,,,,,,,,,,,,,,,,,,,,,,,,,,,,,,,,,,,,,,,,,,,,,,,,,"W72Q+37X، el rowaisat st، EL RUWAISAT, Sharm El Sheikh 1, South Sinai Governorate 8761250, Egypt","Bus company","Corporate office",,,,,,,,,"Bus company","8360550497161049037","Sharm El Sheikh 1","true","EG","0x145339a0a345c58f:0x7406a4618dfff3cd",,"https://lh3.googleusercontent.com/gps-cs-s/AG0ilSzZooOXKw8cCCYTS-RTsFLVoVNWCx_PFF_AQoBCFxLceMYEaS8AQtdWPBAVJyyR4TNe-LpWUzvav-2A1vdbS6OJ8H-8qELYFZ0TV5Hes9msOP4vsKKSwRuiXNK4A7qUEXo-K9fygw=w408-h306-k-no","287","false","/g/1tdrnqyq","en","27.9002475","34.2882347","EL RUWAISAT",,,,,,,,,,,,,,,"false","+20 69 3665351","+20693665351","ChIJj8VFo6A5UxQRzfP_jWGkBnQ",,,"17","1503","2025-12-13T21:20:05.233Z","https://www.google.com/maps/search/%D8%B4%D8%B1%D9%83%D8%A7%D8%AA%20%D8%A7%D9%84%D8%A7%D8%AA%D9%88%D8%A8%D9%8A%D8%B3%D8%A7%D8%AA%20%D9%81%D9%89%20%D9%85%D8%B5%D8%B1/@24.110089923959023,36.93093187483475,9z?hl=en","شركات الاتوبيسات فى مصر","South Sinai Governorate","W72Q+37X، el rowaisat st","شرق الدلتا للنقل والسياحة - محطة شرم الشيخ","false","East Delta Travel","3.2","https://www.google.com/maps/search/?api=1&query=East%20Delta%20Travel&query_place_id=ChIJj8VFo6A5UxQRzfP_jWGkBnQ","http://www.eastdelta-travel.com/"
,,,,,,,,,,,,,,,,,,,,,,,,,,"true",,,,,,,,,,,,,,,,,,,,,,,,,,,,,,,,,,,,,,,,,,,,,,,,,,,,,,,,,,,,,,,,,,,,,,,,,,"30 A 26th of July Corridor, Mohandeseen, Agouza, Giza Governorate 3754210, Egypt","Transportation service",,,,,,,,,,"Transportation service","16137858489657802960","Agouza","false","EG","0x145841b8d57d40ef:0xdff530cb579340d0",,"https://lh3.googleusercontent.com/p/AF1QipPVUWr5kPmhV1vF_2BWeNs-0ubcjYyoAY6kRdI=w408-h270-k-no","156","false","/g/11fr4hpnbm","en","30.0600905","31.1942989","Mohandeseen","Monday","Open 24 hours","Tuesday","Open 24 hours","Wednesday","Open 24 hours","Thursday","Open 24 hours","Friday","Open 24 hours","Saturday","Open 24 hours","Sunday","Open 24 hours","false","+20 11 11188021","+201111188021","ChIJ70B91bhBWBQR0ECTV8sw9d8",,,"18","363","2025-12-13T21:20:05.233Z","https://www.google.com/maps/search/%D8%B4%D8%B1%D9%83%D8%A7%D8%AA%20%D8%A7%D9%84%D8%A7%D8%AA%D9%88%D8%A8%D9%8A%D8%B3%D8%A7%D8%AA%20%D9%81%D9%89%20%D9%85%D8%B5%D8%B1/@24.110089923959023,36.93093187483475,9z?hl=en","شركات الاتوبيسات فى مصر","Giza Governorate","30 A 26th of July Corridor","We bus","false","WE BUS Mohandeseen","3.2","https://www.google.com/maps/search/?api=1&query=WE%20BUS%20Mohandeseen&query_place_id=ChIJ70B91bhBWBQR0ECTV8sw9d8","https://www.webusegypt.com/"
,"true",,,,,,,,,,,,,,,,,,,,,,,,,,,,,,,,,,,,,,,,,,,,,,,,,,,,,,,,,,,,,,,,,,,,,,,,,,,,,,,,,,,,,,,,,,,,,,,,,,,"3852+6FF, As Sarayat Ash Sharqeyah, Nasr City, Cairo Governorate 4435110, Egypt","Transportation service",,,,,,,,,,"Transportation service","5793421150791402123","Nasr City","true","EG","0x14583fce4aa86949:0x50665dd77f28028b",,"https://lh3.googleusercontent.com/gps-cs-s/AG0ilSwoJb88tZLl966husOamUnQpIqilUAyfERRBOAc-pm1NqNXCVYg06fy_XnUiBAJz3RDqwzK3PHHP8j-lniCJujxWsWHg-1OK8eNNgc2c983Z_gXi-vx6Uzh1aVkgyFgPe5f09rXtg=w408-h544-k-no","13","false","/g/11mw00hfgq","en","30.0580567","31.3011583","As Sarayat Ash Sharqeyah",,,,,,,,,,,,,,,"false","+20 2 22612233","+20222612233","ChIJSWmoSs4_WBQRiwIof9ddZlA",,,"19","211","2025-12-13T21:20:05.233Z","https://www.google.com/maps/search/%D8%B4%D8%B1%D9%83%D8%A7%D8%AA%20%D8%A7%D9%84%D8%A7%D8%AA%D9%88%D8%A8%D9%8A%D8%B3%D8%A7%D8%AA%20%D9%81%D9%89%20%D9%85%D8%B5%D8%B1/@24.110089923959023,36.93093187483475,9z?hl=en","شركات الاتوبيسات فى مصر","Cairo Governorate","3852+6FF",,"false","EG BUS ايجي باص ، شركة الصعيد للنقل و السياحة","3.2","https://www.google.com/maps/search/?api=1&query=EG%20BUS%20%D8%A7%D9%8A%D8%AC%D9%8A%20%D8%A8%D8%A7%D8%B5%20%D8%8C%20%D8%B4%D8%B1%D9%83%D8%A9%20%D8%A7%D9%84%D8%B5%D8%B9%D9%8A%D8%AF%20%D9%84%D9%84%D9%86%D9%82%D9%84%20%D9%88%20%D8%A7%D9%84%D8%B3%D9%8A%D8%A7%D8%AD%D8%A9&query_place_id=ChIJSWmoSs4_WBQRiwIof9ddZlA",
,"true",,,,,,"true",,,,,,,,,,,,,,,,,,,"true",,,,,,,,,,,,,,,,,,,,,,,,,,,,,,,,,,,,,,,,,,,,,,,,,,,,,,,,,,,,,,,,,,,,,,,,,,"3 Wabour Al Torgoman, BOULAK، Bulaq, Cairo Governorate 4312260, Egypt","Bus charter",,,,,,,,,,"Bus charter","7607902897541298738","Bulaq","true","EG","0x145840ebad6334f9:0x6994b3607d9d3a32",,"https://lh3.googleusercontent.com/gps-cs-s/AG0ilSx9CwSqD0kQuhOzeEUupjHJMgTWWM4YlyCpSV2QUimRVKGtE9LBP2uduS3r7iSi2Ns3vd79xphnbpQLNXAWviDhvMwCR-hFG4-dCjeCsDN6uj86N_1dkjcpRhmR5yl2zalsiavPT3glBx4S=w408-h544-k-no","54","false","/g/1vzsj4k0","en","30.0579105","31.2384227","BOULAK",,,,,,,,,,,,,,,"false","+20 2 25752157","+20225752157","ChIJ-TRjretAWBQRMjqdfWCzlGk",,,"20","526","2025-12-13T21:20:05.233Z","https://www.google.com/maps/search/%D8%B4%D8%B1%D9%83%D8%A7%D8%AA%20%D8%A7%D9%84%D8%A7%D8%AA%D9%88%D8%A8%D9%8A%D8%B3%D8%A7%D8%AA%20%D9%81%D9%89%20%D9%85%D8%B5%D8%B1/@24.110089923959023,36.93093187483475,9z?hl=en","شركات الاتوبيسات فى مصر","Cairo Governorate","3 Wabour Al Torgoman","غرب ووسط الدلتا للنقل والسياحة","false","West & Middle Delta Bus","3.4","https://www.google.com/maps/search/?api=1&query=West%20%26%20Middle%20Delta%20Bus&query_place_id=ChIJ-TRjretAWBQRMjqdfWCzlGk",
,"true",,,,,,"true",,,,,,,,,,,,,,,,,,,,,,,"true",,,,,,,,,,,"true",,,,,,,,,,,,,,,,,,,,,,,,,,,,,,,,,,,,,,,,,,,,,,,,,,,,,,,,,,,"XW9Q+C69, Al Mehwar Al Markazi, First 6th of October, Giza Governorate 3232012, Egypt","Transportation service",,,,,,,,,,"Transportation service","16933049725804991477","First 6th of October","true","EG","0x1458565eeffb9243:0xeafe4702aea1d3f5",,"https://lh3.googleusercontent.com/gps-cs-s/AG0ilSxmGUuZmkNrE4R29jgF3y074cPwMv0Afsl_uPOxKJ1hV1bVPmXQKtUPa2OMTeTaAQDiuY2IKKdo8NKDdAjC9LqQvq2aOl4XslYlFq7zVxq-uNYpMap2BW9-QdV8cBd-c_CaNWyK=w493-h240-k-no","71","false","/g/11hbvymj6s","en","29.9685262","30.9381216","First 6th of October","Monday","Open 24 hours","Tuesday","Open 24 hours","Wednesday","Open 24 hours","Thursday","Open 24 hours","Friday","Open 24 hours","Saturday","Open 24 hours","Sunday","Open 24 hours","false","+20 0216128",,"ChIJQ5L7715WWBQR9dOhrgJH_uo",,,"14","1982","2025-12-13T21:20:05.269Z","https://www.google.com/maps/search/%D8%B4%D8%B1%D9%83%D8%A7%D8%AA%20%D8%A7%D9%84%D8%A7%D8%AA%D9%88%D8%A8%D9%8A%D8%B3%D8%A7%D8%AA%20%D9%81%D9%89%20%D9%85%D8%B5%D8%B1/@24.110089923959023,30.88263145,9z?hl=en","شركات الاتوبيسات فى مصر","Giza Governorate","XW9Q+C69, Al Mehwar Al Markazi",,"false","Blue Bus","4","https://www.google.com/maps/search/?api=1&query=Blue%20Bus&query_place_id=ChIJQ5L7715WWBQR9dOhrgJH_uo","https://bluebus.com.eg/"
,,,,,,,,,,,,,,,,,,,,,,,,,,,,,,,,,,,"true",,,,,,,,,,,,,,,,,,,,,,,,,,,,,,,,,,,,,,,,,,,,,,,,,,,,,,,,,,,,,,,,,"28 Mourad, Oula, Al Giza, Giza Governorate 3725111, Egypt","Transportation service",,,,,,,,,,"Transportation service","173015721996957990","Al Giza","true","EG","0x145846e08a05069f:0x266ace1ea2fb926",,"https://lh3.googleusercontent.com/gps-cs-s/AG0ilSxKM3oxahLrAclDcCU-k0QECDvu2gew4UxqwjLZUPH1z95QdxtQ0XXlcgHlw1KYyM-7m8_hDVQRRnmhT2mbMoYRviUQ4nTyUsJKu9vKxNwqydmHMDKTuKEWEc5r0xGBjyDZQD_M=w408-h725-k-no","776","false","/g/11c0vltlbb","en","30.017621","31.2139378","Oula","Monday","Open 24 hours","Tuesday","Open 24 hours","Wednesday","Open 24 hours","Thursday","Open 24 hours","Friday","Open 24 hours","Saturday","Open 24 hours","Sunday","Open 24 hours","false","+20 10 22495400","+201022495400","ChIJnwYFiuBGWBQRJrkv6uGsZgI",,,"16","9241","2025-12-13T21:20:05.269Z","https://www.google.com/maps/search/%D8%B4%D8%B1%D9%83%D8%A7%D8%AA%20%D8%A7%D9%84%D8%A7%D8%AA%D9%88%D8%A8%D9%8A%D8%B3%D8%A7%D8%AA%20%D9%81%D9%89%20%D9%85%D8%B5%D8%B1/@24.110089923959023,30.88263145,9z?hl=en","شركات الاتوبيسات فى مصر","Giza Governorate","28 Mourad","سوبر جيت الجيزة","false","Super Jet ElJizah","3.9","https://www.google.com/maps/search/?api=1&query=Super%20Jet%20ElJizah&query_place_id=ChIJnwYFiuBGWBQRJrkv6uGsZgI","https://www.superjet.com.eg//"
,"true",,,,,,,,,,,,,,,,,,,,,,,,,"true",,,,,,,,,,,,,,,,,,,,,,,,,,,,,,,,,,,,,,,,,,,,,,,,,,,,,,,,,,,,,,,,,,,,,,,,,,"368W+27P, Al Fagalah, Al Azbakeya, Cairo Governorate 4342021, Egypt","Corporate office",,,,,,,,,,"Corporate office","6840118267636483153","Al Azbakeya","true","EG","0x145841be6b3b4307:0x5eecfb52ec220451",,"https://lh3.googleusercontent.com/gps-cs-s/AG0ilSw6aGu9qek-Y9t1TxF7-RhCD2xi3Udn5v2LXMwV4qs1lK3JhIyoJlskCbpg0FllfK9Z6xyQkSQd6DCLnPHieFCNToFbGHR8X2fTwT-DPvpeSlvPnOvDVuUkGe7gwmy2lgvmW3dMcuzxW9sr=w408-h724-k-no","2","false","/g/11j1tcc7zk","en","30.0650957","31.2457072","Al Fagalah",,,,,,,,,,,,,,,"false","+20 2 23922101","+20223922101","ChIJB0M7a75BWBQRUQQi7FL77F4",,,"13","167","2025-12-13T21:20:08.910Z","https://www.google.com/maps/search/%D8%B4%D8%B1%D9%83%D8%A7%D8%AA%20%D8%A7%D9%84%D8%A7%D8%AA%D9%88%D8%A8%D9%8A%D8%B3%D8%A7%D8%AA%20%D9%81%D9%89%20%D9%85%D8%B5%D8%B1/@26.123514010721607,34.92119367367854,13z?hl=en","شركات الاتوبيسات فى مصر","Cairo Governorate","368W+27P",,"false","محطه احمد حلمي - شركه اتوبيسي للنقل البري (AL -assema transportation Corp )","2.9","https://www.google.com/maps/search/?api=1&query=%D9%85%D8%AD%D8%B7%D9%87%20%D8%A7%D8%AD%D9%85%D8%AF%20%D8%AD%D9%84%D9%85%D9%8A%20-%20%D8%B4%D8%B1%D9%83%D9%87%20%D8%A7%D8%AA%D9%88%D8%A8%D9%8A%D8%B3%D9%8A%20%D9%84%D9%84%D9%86%D9%82%D9%84%20%D8%A7%D9%84%D8%A8%D8%B1%D9%8A%20(AL%20-assema%20transportation%20Corp%20)&query_place_id=ChIJB0M7a75BWBQRUQQi7FL77F4","https://otobeesy.com/"
,"true",,,,,,"true",,,,,,,,,,,,,,,,,,,"true",,,,,,,,,,,,,,,,,,,,,,,,,,,,,,,,,,,,,,,,,,,,,,,,,,,,,,"true",,,,,,,,,,,,,,,,,,,,"29WW+456 International bus station, El-Gaish St, Mansoura Qism 2, El Mansoura, Dakahlia Governorate 7661202, Egypt","Bus company",,,,,,,,,,"Bus company","14842371579549844566","El Mansoura","true","EG","0x14f79dfae71b98cf:0xcdfab250376c0456",,"https://lh3.googleusercontent.com/gps-cs-s/AG0ilSyjImHpB5jRNQFI0RduPWMO5j2YWSMW351sa6lIv4tSgEP062mAwnDjTzpt8blBmha-IPP8L6SjcC_hrkeWeFTQG0b4e9_ZK_Hk1wQs63uJ-B_6_aIhb2p3QySELpgtIOdPOSgSDw=w408-h408-k-no","27","false","/g/11fqt071nn","en","31.0452938","31.3953805","Mansoura Qism 2",,,,,,,,,,,,,,,"false","+20 12 76344170","+201276344170","ChIJz5gb5_qd9xQRVgRsN1Cy-s0",,,"18","557","2025-12-13T21:20:08.910Z","https://www.google.com/maps/search/%D8%B4%D8%B1%D9%83%D8%A7%D8%AA%20%D8%A7%D9%84%D8%A7%D8%AA%D9%88%D8%A8%D9%8A%D8%B3%D8%A7%D8%AA%20%D9%81%D9%89%20%D9%85%D8%B5%D8%B1/@26.123514010721607,34.92119367367854,13z?hl=en","شركات الاتوبيسات فى مصر","Dakahlia Governorate","29WW+456 International bus station, El-Gaish St",,"false","Otobeesy","3.6","https://www.google.com/maps/search/?api=1&query=Otobeesy&query_place_id=ChIJz5gb5_qd9xQRVgRsN1Cy-s0",
,"true",,,,,,"true",,,,,,,,,,,,,,,,,,,,,,,,,,,,,,,,,,,,,,,,,,,,,,,,,,,,,,,,,,,,,,,,,,,,,,,,,,,,,,,,,,,,,,,,,,,,,"3 Wabour El Torgoman St.، BOULAK, Bulaq, Cairo Governorate 4312260, Egypt","Transportation service",,,,,,,,,,"Transportation service","3917064040823663891","Bulaq","true","EG","0x145840ebad6334f9:0x365c34fddbc02d13",,"https://lh3.googleusercontent.com/gps-cs-s/AG0ilSylirRfwt52dK7YtRnkja-yFqcReCx_NRJ4HR7vZVMYIvtUY9SExE0CpYIf0jI9LzJ5Qzp7AQOiVtEgB4vCtBVJwWUZYiE85UJxy-Zuc1YyvIbL95hp22LFjEEqj72bDO12-Dpb=w408-h304-k-no","5","false","/g/1tf2p6dx","en","30.057526","31.238506","BOULAK",,,,,,,,,,,,,,,"false","+20 2 25760261","+20225760261","ChIJ-TRjretAWBQREy3A2_00XDY",,,"20","91","2025-12-13T21:20:09.236Z","https://www.google.com/maps/search/%D8%B4%D8%B1%D9%83%D8%A7%D8%AA%20%D8%A7%D9%84%D8%A7%D8%AA%D9%88%D8%A8%D9%8A%D8%B3%D8%A7%D8%AA%20%D9%81%D9%89%20%D9%85%D8%B5%D8%B1/@26.36955839642613,34.78420052632146,13z?hl=en","شركات الاتوبيسات فى مصر","Cairo Governorate","3 Wabour El Torgoman St.","الصعيد للنقل والسياحة","false","Upper Egypt For Transport & Tourism","3.6","https://www.google.com/maps/search/?api=1&query=Upper%20Egypt%20For%20Transport%20%26%20Tourism&query_place_id=ChIJ-TRjretAWBQREy3A2_00XDY",
,,,"true",,,,,,,,,,,,,,,,,,,,,,"true",,,"true",,,,,,,,,,,,,,,,,,,,,,,,,,,,,,,,,,,,,,,,,,,,,,,,,,,,,,,,,,,,,,,,,,,,,,,,"Al Mehwar Al Markazi, First 6th of October, Giza Governorate 3232610, Egypt","Transportation service",,,,,,,,,,"Transportation service","7685962999307581012","First 6th of October","false","EG","0x145857c95192d661:0x6aaa06a03a863654",,"https://lh3.googleusercontent.com/p/AF1QipNRcSLgdbwFjp0nKs39-_gpPaU7sSzGLyzWEHa7=w408-h291-k-no","13","false","/g/11q1d9p8y8","en","29.974732","30.9486898","First 6th of October","Monday","8 AM to 12 AM","Tuesday","8 AM to 12 AM","Wednesday","8 AM to 12 AM","Thursday","8 AM to 12 AM","Friday","8 AM to 12 AM","Saturday","8 AM to 12 AM","Sunday","8 AM to 12 AM","false","+20 65 3408011","+20653408011","ChIJYdaSUclXWBQRVDaGOqAGqmo",,,"20","39","2025-12-13T21:20:12.662Z","https://www.google.com/maps/search/%D8%B4%D8%B1%D9%83%D8%A7%D8%AA%20%D8%A7%D9%84%D8%A7%D8%AA%D9%88%D8%A8%D9%8A%D8%B3%D8%A7%D8%AA%20%D9%81%D9%89%20%D9%85%D8%B5%D8%B1/@22.24123020659837,24.83433102516525,9z?hl=en","شركات الاتوبيسات فى مصر","Giza Governorate","Al Mehwar Al Markazi","White Bus 6th of October","false","White Bus","4.6","https://www.google.com/maps/search/?api=1&query=White%20Bus&query_place_id=ChIJYdaSUclXWBQRVDaGOqAGqmo","http://www.whitebusegypt.com/"
,"true",,,,,,"true",,,,,,,,,,,,,,,,,,,"true",,,,,,,,,,,,,,,,,,,,,,,,,,,,,,,,,,,,,,,,,,,,,,,,,,,,,,,,,,,,,,,,,,,,,,,,,,"FXPG+RXP، موط، قسم الواحات الداخلة،, Al Rashada, The New Valley Governorate 1034204, Egypt","Transportation service",,,,,,,,,,"Transportation service","3285468658182768384","Al Wahat Al Dakhla","true","EG","0x143ff590a9a43fdb:0x2d98545663a9c700",,"https://lh3.googleusercontent.com/gps-cs-s/AG0ilSwsC_w9waba6GI8IiVtxDDxVoX2Yw0ifdZMczj8x2yX8xDfwMeajx93bSKAMzgmKcshE7oCrB2IoObN_wftqgLzzFIhFM_sECRe6EK58_ccz6v5IIo5YQWAFup7yxQ3f17z2iDT4Q=w408-h306-k-no","15","false","/g/11jksqfnj5","en","25.4870909","28.9774664","Al Rashada",,,,,,,,,,,,,,,"false","+20 92 2824366","+20922824366","ChIJ2z-kqZD1PxQRAMepY1ZUmC0","1034204",,"1","80","2025-12-13T21:20:13.288Z","https://www.google.com/maps/search/%D8%B4%D8%B1%D9%83%D8%A7%D8%AA%20%D8%A7%D9%84%D8%A7%D8%AA%D9%88%D8%A8%D9%8A%D8%B3%D8%A7%D8%AA%20%D9%81%D9%89%20%D9%85%D8%B5%D8%B1/@25.978949641319677,28.866531308388417,9z?hl=en","شركات الاتوبيسات فى مصر","The New Valley Governorate","FXPG+RXP، موط، قسم الواحات الداخلة،",,"false","محطةأوتوبيس الداخلة","3.7","https://www.google.com/maps/search/?api=1&query=%D9%85%D8%AD%D8%B7%D8%A9%D8%A3%D9%88%D8%AA%D9%88%D8%A8%D9%8A%D8%B3%20%D8%A7%D9%84%D8%AF%D8%A7%D8%AE%D9%84%D8%A9&query_place_id=ChIJ2z-kqZD1PxQRAMepY1ZUmC0",
,"true",,,,,,"true",,,,,,,,,,,,,,,,,,,"true",,,,,,,,,,,,,,,,,,,,,,,,,,,,,,,,,,,,,,,,,,,,,,,,,,,,,,,,,,,,,,,,,,,,,,,,,,"MVVJ+Q9F, Al Mawhoub, قسم الواحات الداخلة، The New Valley Governorate 1032750, Egypt","Mover",,,,,,,,,,"Mover","16161447269893163888","قسم الواحات الداخلة","true","EG","0x14400f4038672401:0xe048feaa3a304b70",,"https://lh3.googleusercontent.com/gps-cs-s/AG0ilSy37yZgwtJtp0MWItZGZTNmkcgxFAI2J3BcfFo6eAhTIblS2KccX99qu65cXq2_NCRgpNp831tRWUdW0h55d7MLTkH20SljyXNAGSytfDR0AEJVDnQ4qB4FUvTflDRpQhASaaxNig=w408-h356-k-no","10","false","/g/11cslcvkzn","en","25.6944335","28.8809371","Al Mawhoub",,,,,,,,,,,,,,,"false","+20 10 20980307","+201020980307","ChIJASRnOEAPQBQRcEswOqr-SOA",,,"2","106","2025-12-13T21:20:13.289Z","https://www.google.com/maps/search/%D8%B4%D8%B1%D9%83%D8%A7%D8%AA%20%D8%A7%D9%84%D8%A7%D8%AA%D9%88%D8%A8%D9%8A%D8%B3%D8%A7%D8%AA%20%D9%81%D9%89%20%D9%85%D8%B5%D8%B1/@25.978949641319677,28.866531308388417,9z?hl=en","شركات الاتوبيسات فى مصر","The New Valley Governorate","MVVJ+Q9F","شركة اكسبريس الوادى للنقل الجماعى قرية القصر","false","Valley Express Transport Company collective village palace","4.2","https://www.google.com/maps/search/?api=1&query=Valley%20Express%20Transport%20Company%20collective%20village%20palace&query_place_id=ChIJASRnOEAPQBQRcEswOqr-SOA",
,"true",,,,,,"true",,,,,,,,,,,,,,,,,,,,,,,,,,,,,,,,,,,,,,,,,,,,,,,,,,,,,,,,,,,,,,,,,,,,,,,,,,,,,,,,,,,,,,,,,,,,,"4RG7+9F2, Qesm Thaleth Al Arish, North Sinai Governorate 8956240, Egypt","Minibus taxi service",,,,,,,,,,"Minibus taxi service","4351039737434930387","Qesm Thaleth Al Arish","true","EG","0x14fdd35c64d34997:0x3c61ff96a16afcd3",,"https://lh3.googleusercontent.com/gps-cs-s/AG0ilSwnI31pBknNtYBjBDgaQAf3xYqF5bt4Bvh5EB11B9QNh1GStzMrAIG0phJEtIprLIAaAY2UI9uf6SpzgpMtToeKcOfwTijzudImrpztcmP-xhL5Ni0R1QaGajMd9kV5_dlddxyH=w408-h544-k-no","2","false","/g/11c57cmrbr","en","31.1258833","33.8136446",,,,,,,,,,,,,,,,"false",,,"ChIJl0nTZFzT_RQR0_xqoZb_YTw","8956240",,"1","81","2025-12-13T21:20:16.109Z","https://www.google.com/maps/search/%D8%B4%D8%B1%D9%83%D8%A7%D8%AA%20%D8%A7%D9%84%D8%A7%D8%AA%D9%88%D8%A8%D9%8A%D8%B3%D8%A7%D8%AA%20%D9%81%D9%89%20%D9%85%D8%B5%D8%B1/@31.585528793401636,34.91483173322317,9z?hl=en","شركات الاتوبيسات فى مصر","North Sinai Governorate","4RG7+9F2",,"false","East Delta Bus Company","3.4","https://www.google.com/maps/search/?api=1&query=East%20Delta%20Bus%20Company&query_place_id=ChIJl0nTZFzT_RQR0_xqoZb_YTw",
,"true",,,,,,,,,,,,,,,,,,,,,,,,,,,,,,,,,,,,,,,,,,,,,,,,,,,,,,,,,,,,,,,,,,,,,,,,,,,,,,,,,,,,,,,,,,,,,,,,,,,"4RG7+9HC، عزبة عاطف السادات, Qesm Thaleth Al Arish, North Sinai Governorate 8956240, Egypt","Travel agency",,,,,,,,,,"Travel agency","17694787387501314461","Qesm Thaleth Al Arish","true","EG","0x14fdd35c75b662ad:0xf5908360c014019d",,"https://lh3.googleusercontent.com/gps-cs-s/AG0ilSywZFx_MW7Gy6FNIBnlzqkKRea5OANkU87xGTUdc7863NY3uVD2_h6uezIHZXuqTuVtQX4dYwP5hkg7NtGyOi0zMWreFYJMmD6tLUtEVmzM355aC3noPA45JjsJ6T2ZJUhSIR8UfQ=w408-h306-k-no","8","false","/g/11cn6frfty","en","31.1259478","33.8138822",,"Monday","6 AM to 11 PM","Tuesday","6 AM to 11 PM","Wednesday","6 AM to 11 PM","Thursday","6 AM to 11 PM","Friday","Closed","Saturday","6 AM to 11 PM","Sunday","6 AM to 11 PM","false","+20 68 3325931","+20683325931","ChIJrWK2dVzT_RQRnQEUwGCDkPU",,,"2","315","2025-12-13T21:20:16.110Z","https://www.google.com/maps/search/%D8%B4%D8%B1%D9%83%D8%A7%D8%AA%20%D8%A7%D9%84%D8%A7%D8%AA%D9%88%D8%A8%D9%8A%D8%B3%D8%A7%D8%AA%20%D9%81%D9%89%20%D9%85%D8%B5%D8%B1/@31.585528793401636,34.91483173322317,9z?hl=en","شركات الاتوبيسات فى مصر","North Sinai Governorate","4RG7+9HC، عزبة عاطف السادات","شرق الدلتا للنقل والسياحة","false","East Delta Travel","3.2","https://www.google.com/maps/search/?api=1&query=East%20Delta%20Travel&query_place_id=ChIJrWK2dVzT_RQRnQEUwGCDkPU",
,"true",,,,,,,,,,,,,,,,,,,,,,,,,,,,,,,,,,,,,,,,,,,,,,,,,,,,,,,,,,,,,,,,,,,,,,,,,,,,,,,,,,,,,,,,,,,,,,,,,,,"شارع سنتر الحلفاوي, Giza Governorate 12573, Egypt","Transportation service",,,,,,,,,,"Transportation service","8897059532848061691","6th of October City (2)","false","EG","0x1458573d73bc0515:0x7b78b481a8e95cfb",,"https://lh3.googleusercontent.com/p/AF1QipN1D7XxezWWujQywNXHgAM4K4hvnzwkPu9iO5Ev=w408-h252-k-no","6","false","/g/11jpc29lc3","en","29.9574605","30.9097168",,"Monday","Open 24 hours","Tuesday","Open 24 hours","Wednesday","Open 24 hours","Thursday","Open 24 hours","Friday","Open 24 hours","Saturday","Open 24 hours","Sunday","Open 24 hours","false","+20 10 50131499","+201050131499","ChIJFQW8cz1XWBQR-1zpqIG0eHs","12573",,"19","7","2025-12-13T21:20:16.441Z","https://www.google.com/maps/search/%D8%B4%D8%B1%D9%83%D8%A7%D8%AA%20%D8%A7%D9%84%D8%A7%D8%AA%D9%88%D8%A8%D9%8A%D8%B3%D8%A7%D8%AA%20%D9%81%D9%89%20%D9%85%D8%B5%D8%B1/@29.716669076040983,24.83433102516525,9z?hl=en","شركات الاتوبيسات فى مصر","Giza Governorate","شارع سنتر الحلفاوي",,"false","تاجير باصات ونقل الموظفين مع شركة مصر كار احدي شركات تاجير باصات مدارس ، والشركات","3.9","https://www.google.com/maps/search/?api=1&query=%D8%AA%D8%A7%D8%AC%D9%8A%D8%B1%20%D8%A8%D8%A7%D8%B5%D8%A7%D8%AA%20%D9%88%D9%86%D9%82%D9%84%20%D8%A7%D9%84%D9%85%D9%88%D8%B8%D9%81%D9%8A%D9%86%20%D9%85%D8%B9%20%D8%B4%D8%B1%D9%83%D8%A9%20%D9%85%D8%B5%D8%B1%20%D9%83%D8%A7%D8%B1%20%D8%A7%D8%AD%D8%AF%D9%8A%20%D8%B4%D8%B1%D9%83%D8%A7%D8%AA%20%D8%AA%D8%A7%D8%AC%D9%8A%D8%B1%20%D8%A8%D8%A7%D8%B5%D8%A7%D8%AA%20%D9%85%D8%AF%D8%A7%D8%B1%D8%B3%20%D8%8C%20%D9%88%D8%A7%D9%84%D8%B4%D8%B1%D9%83%D8%A7%D8%AA&query_place_id=ChIJFQW8cz1XWBQR-1zpqIG0eHs","http://misrcar.net/"
"true",,,,,,,,"true",,,,,,"true",,,,,,,,,,,,"true",,,"true",,,,,,,,"true",,,,,,,,"true",,,,,,,,"true",,,,,,,,"true",,,,,,,,"true",,,,,,,,"true",,,,,,,,,,,,,"true","true",,,,"true",,,,"true","بجوار التكية قبل كوبرى مشاة اطلس، شارع سور Shark Al Mhata, Aswan Governorate, Egypt","Moving and storage service",,,,,,,,,,"Moving and storage service","12013342101496392930","Aswan 1","false","EG","0x14367b644a5b34cb:0xa6b7f6fdecefece2",,"https://lh3.googleusercontent.com/p/AF1QipNlU1uFddMEfxrF-VqaZ401kvndYALy9aP_oxj6=w426-h240-k-no","77","false","/g/11wqyjlyxs","en","24.1002287","32.9019166","Abu AR Rish Qebli","Monday","Open 24 hours","Tuesday","Open 24 hours","Wednesday","Open 24 hours","Thursday","Open 24 hours","Friday","Open 24 hours","Saturday","Open 24 hours","Sunday","Open 24 hours","false","+20 12 87725489","+201287725489","ChIJyzRbSmR7NhQR4uzv7P32t6Y",,,"1","27","2025-12-13T21:20:21.266Z","https://www.google.com/maps/search/%D8%B4%D8%B1%D9%83%D8%A7%D8%AA%20%D8%A7%D9%84%D8%A7%D8%AA%D9%88%D8%A8%D9%8A%D8%B3%D8%A7%D8%AA%20%D9%81%D9%89%20%D9%85%D8%B5%D8%B1/@24.110089923959023,32.898731591611586,9z?hl=en","شركات الاتوبيسات فى مصر","Aswan Governorate","بجوار التكية قبل كوبرى مشاة اطلس، شارع سور Shark Al Mhata",,"false","شركة الاتحاد العربي للنقل البري والسياحة (سوبر جيت) بأسوان","3.3","https://www.google.com/maps/search/?api=1&query=%D8%B4%D8%B1%D9%83%D8%A9%20%D8%A7%D9%84%D8%A7%D8%AA%D8%AD%D8%A7%D8%AF%20%D8%A7%D9%84%D8%B9%D8%B1%D8%A8%D9%8A%20%D9%84%D9%84%D9%86%D9%82%D9%84%20%D8%A7%D9%84%D8%A8%D8%B1%D9%8A%20%D9%88%D8%A7%D9%84%D8%B3%D9%8A%D8%A7%D8%AD%D8%A9%20(%D8%B3%D9%88%D8%A8%D8%B1%20%D8%AC%D9%8A%D8%AA)%20%D8%A8%D8%A3%D8%B3%D9%88%D8%A7%D9%86&query_place_id=ChIJyzRbSmR7NhQR4uzv7P32t6Y","https://www.facebook.com/profile.php?id=100063970388375&mibextid=ZbWKwL"
,"true",,,,,,"true",,,,,,"false",,,,,,"false",,,,,,,,,,,,,,,,,,,,,,,,,,,,,,,,,,,,,,,,,,,,,,,,,,,,,,,,,,,,,,,,,,,,,,,,,,,,,,,,,"Kom Ombo - Deraw, Kom Ombo, Markaz Kom Ombo, Aswan Governorate 1281514, Egypt","Bus company",,,,,,,,,,"Bus company","17979676419021579165","Markaz Kom Ombo","false","EG","0x14360f7854625b0d:0xf984a471543fa39d",,"https://lh3.googleusercontent.com/p/AF1QipOBOQtlUgK4UWVpou3mi_jjPjSwzt1OVBbfncvX=w408-h306-k-no","4","false","/g/11hcfq4z3y","en","24.4732821","32.9455054","Kom Ombo",,,,,,,,,,,,,,,"false","+20 12 01214126","+201201214126","ChIJDVtiVHgPNhQRnaM_VHGkhPk",,,"2","48","2025-12-13T21:20:21.266Z","https://www.google.com/maps/search/%D8%B4%D8%B1%D9%83%D8%A7%D8%AA%20%D8%A7%D9%84%D8%A7%D8%AA%D9%88%D8%A8%D9%8A%D8%B3%D8%A7%D8%AA%20%D9%81%D9%89%20%D9%85%D8%B5%D8%B1/@24.110089923959023,32.898731591611586,9z?hl=en","شركات الاتوبيسات فى مصر","Aswan Governorate","Kom Ombo - Deraw","Star Jet bus stop ستار جيت","false","StarJet to Hurghada bus stop ستارجيت كوم أمبو","4","https://www.google.com/maps/search/?api=1&query=StarJet%20to%20Hurghada%20bus%20stop%20%D8%B3%D8%AA%D8%A7%D8%B1%D8%AC%D9%8A%D8%AA%20%D9%83%D9%88%D9%85%20%D8%A3%D9%85%D8%A8%D9%88&query_place_id=ChIJDVtiVHgPNhQRnaM_VHGkhPk",
,"true",,,,,,"true",,,,,,,,,,,,,,,,,,,"true",,,,,,,,,,,,,,,,,,,,,,,,,,,,,,,,,,,,,,,,,,,,,,,,,,,,,,,,,,,,,,,,,,,,,,,,,,"XP9W+32X, Aswan - Abu Simbel Rd, أبو سمبل، Aswan Governorate 1230701, Egypt","Bus ticket agency",,,,,,,,,,"Bus ticket agency","12357912600977686285","أبو سمبل","true","EG","0x14368b05e59edf85:0xab8020091a993f0d",,"https://lh3.googleusercontent.com/gps-cs-s/AG0ilSyS5EmkO_-iAxHmTzR_3f1bwORCzAWqOg00iD9UZ542x5rTHDFSzJ6QPmqFsHsf-_fFIQ6Y2x7GcL39fl8BVIw-mXloeaQZ2GN6w310X_s0SZetZdB57uh_XH44bSZ9_zgJtoXKEg=w408-h544-k-no","37","false","/g/11h6z40qxk","en","23.9677323","32.7451096",,,,,,,,,,,,,,,,"false","+20 11 17316179","+201117316179","ChIJhd-e5QWLNhQRDT-ZGgkggKs",,,"3","268","2025-12-13T21:20:21.266Z","https://www.google.com/maps/search/%D8%B4%D8%B1%D9%83%D8%A7%D8%AA%20%D8%A7%D9%84%D8%A7%D8%AA%D9%88%D8%A8%D9%8A%D8%B3%D8%A7%D8%AA%20%D9%81%D9%89%20%D9%85%D8%B5%D8%B1/@24.110089923959023,32.898731591611586,9z?hl=en","شركات الاتوبيسات فى مصر","Aswan Governorate","XP9W+32X, Aswan - Abu Simbel Rd",,"false","موقف كركر Karkar bus station","3.6","https://www.google.com/maps/search/?api=1&query=%D9%85%D9%88%D9%82%D9%81%20%D9%83%D8%B1%D9%83%D8%B1%20Karkar%20bus%20station&query_place_id=ChIJhd-e5QWLNhQRDT-ZGgkggKs",
,"true",,,,,,,"true",,,,,,"true",,,,,,,,,,,"true",,,,,,,,,,,,,,,,,,,,,,,,,,,,,,,,,,,,,,,,,,,,,,,,,,,,,,,,,,,,,,,,,"true","true",,,,,"true",,,,"Kornish Al Nile, Sheyakhah Oula, Aswan, Aswan Governorate 1242030, Egypt","Travel agency","Airline ticket agency","State government office","Train ticket agency",,,,,,,"Travel agency","14284949087818553709","Aswan","false","EG","0x14366538f1b25f37:0xc63e5582adf7196d",,"https://lh3.googleusercontent.com/p/AF1QipNinRjD2UWmw-6tojHBU-9DkogoiSCuBej6k5nI=w408-h306-k-no","279","false","/g/11fp3pwd14","en","24.0850782","32.8928522","Sheyakhah Oula","Monday","Open 24 hours","Tuesday","Open 24 hours","Wednesday","Open 24 hours","Thursday","Open 24 hours","Friday","Open 24 hours","Saturday","Open 24 hours","Sunday","Open 24 hours","false","+20 11 41853007","+201141853007","ChIJN1-y8ThlNhQRbRn3rYJVPsY",,,"4","70","2025-12-13T21:20:21.266Z","https://www.google.com/maps/search/%D8%B4%D8%B1%D9%83%D8%A7%D8%AA%20%D8%A7%D9%84%D8%A7%D8%AA%D9%88%D8%A8%D9%8A%D8%B3%D8%A7%D8%AA%20%D9%81%D9%89%20%D9%85%D8%B5%D8%B1/@24.110089923959023,32.898731591611586,9z?hl=en","شركات الاتوبيسات فى مصر","Aswan Governorate","Kornish Al Nile",,"false","Aswan Tours","4.7","https://www.google.com/maps/search/?api=1&query=Aswan%20Tours&query_place_id=ChIJN1-y8ThlNhQRbRn3rYJVPsY","https://www.facebook.com/mohamednouraswan"
,,,,,,,,,,,,,,,,,,,,,,,,,,,,,,,,,,,,,,,,,,,,,,,,,,,,,,,,,,,,,,,,,,,,,,,,,,,,,,,,,,,,,,,,,,,,,,,,,,,,"El Taameen, El Sehy St, DOWNTOWN، Aswan 1, Aswan Governorate 1242720, Egypt","Travel agency",,,,,,,,,,"Travel agency","4391976338446963538","Aswan 1","true","EG","0x14367b4cb8b24a29:0x3cf36f35cb0d5352",,"https://lh3.googleusercontent.com/gps-cs-s/AG0ilSxuezuKWXSEv_ApgYtpgJbbxJXA-dh2CMJnCpKwDcMD7oYzLDKzqGM3WixTd_mmUsQqjZ03_GHHe727s41wRX5M1kr_QZT9d1_sl3Vwv_3kITHME0Rwz1oc2NXB8RAEaEGULW1BwFtohwXn=w408-h544-k-no","4","false","/g/1tcynt_x","en","24.0889705","32.8998372","DOWNTOWN",,,,,,,,,,,,,,,"false","+20 97 2305075","+20972305075","ChIJKUqyuEx7NhQRUlMNyzVv8zw",,,"6","8","2025-12-13T21:20:21.266Z","https://www.google.com/maps/search/%D8%B4%D8%B1%D9%83%D8%A7%D8%AA%20%D8%A7%D9%84%D8%A7%D8%AA%D9%88%D8%A8%D9%8A%D8%B3%D8%A7%D8%AA%20%D9%81%D9%89%20%D9%85%D8%B5%D8%B1/@24.110089923959023,32.898731591611586,9z?hl=en","شركات الاتوبيسات فى مصر","Aswan Governorate","El Taameen, El Sehy St","ترافكو للنقل السياحى","false","Travco Touristic Transefer","4.9","https://www.google.com/maps/search/?api=1&query=Travco%20Touristic%20Transefer&query_place_id=ChIJKUqyuEx7NhQRUlMNyzVv8zw",
,,,,,,,,,,,,,,,,,,,,,,,,,,,,,,,,,,,,,,,,,,,,,,,,,,,,,,,,,,,,,,,,,,,,,,,,,,,,,,,,,,,,,,,,,,,,,,,,,,,,".، الكورنيش, Aswan 1, Aswan Governorate 1240892, Egypt","Travel agency",,,,,,,,,,"Travel agency","1180970869388351053","Aswan 1","true","EG","0x143664cb2c9bbe0f:0x1063a6bfa7fa164d",,"https://lh3.googleusercontent.com/gps-cs-s/AG0ilSxrTWGs0melZc5PPEMqONGstcsJBgAjKBx8CHkojN6g2fGZbvOorTPs69tV4T1UQgzI_3TaTpEyf6nxwG0nFV479fkFj5bl7qmAW-ndhw5sr_6hrZowcx8ElcVBlV0ISooCxltO8w=w408-h725-k-no","1","false","/g/119vh3phm","en","24.0986748","32.8985643","الكورنيش",,,,,,,,,,,,,,,"false","+20 97 2313257","+20972313257","ChIJD76bLMtkNhQRTRb6p7-mYxA",,,"8","6","2025-12-13T21:20:21.266Z","https://www.google.com/maps/search/%D8%B4%D8%B1%D9%83%D8%A7%D8%AA%20%D8%A7%D9%84%D8%A7%D8%AA%D9%88%D8%A8%D9%8A%D8%B3%D8%A7%D8%AA%20%D9%81%D9%89%20%D9%85%D8%B5%D8%B1/@24.110089923959023,32.898731591611586,9z?hl=en","شركات الاتوبيسات فى مصر","Aswan Governorate",".","مجموعة ترافكو","false","Travco Group","4.3","https://www.google.com/maps/search/?api=1&query=Travco%20Group&query_place_id=ChIJD76bLMtkNhQRTRb6p7-mYxA","http://www.travcotravel.com/"
,,,,,,,,,,,,,,,,,,,,,,,,,,,,,,,,,,,,,,,,,,,,,,,,,,,,,,,,,,,,,,,,,,,,,,,,,,,,,,,,,,,,,,,,,,,,,,,,,,,,"FWHW+292, Kom Ombo, Markaz Kom Ombo, Aswan Governorate 1281575, Egypt","Shipping company",,,,,,,,,,"Shipping company","15092504327430412327","Markaz Kom Ombo","true","EG","0x14360f82fe85a9f1:0xd17358b8e7891827",,"https://lh3.googleusercontent.com/gps-cs-s/AG0ilSxTIUtBlKtsNnq4vNVq2__eb6IHYE8mhnclE2PYPPdqIfri5rXM2E2rTgMzpQRx5dAOOeKZAzdMBk3MKbL7BwHHtEfRPexoKJ5is2B13pPrBBtAadzEjGpa3HotiTYsMqrut6Ckyg=w408-h306-k-no","2","false","/g/11v0mwknbz","en","24.4774288","32.9459982","Kom Ombo",,,,,,,,,,,,,,,"false",,,"ChIJ8amF_oIPNhQRJxiJ57hYc9E","1281575",,"9","2","2025-12-13T21:20:21.267Z","https://www.google.com/maps/search/%D8%B4%D8%B1%D9%83%D8%A7%D8%AA%20%D8%A7%D9%84%D8%A7%D8%AA%D9%88%D8%A8%D9%8A%D8%B3%D8%A7%D8%AA%20%D9%81%D9%89%20%D9%85%D8%B5%D8%B1/@24.110089923959023,32.898731591611586,9z?hl=en","شركات الاتوبيسات فى مصر","Aswan Governorate","FWHW+292",,"false","الايمان جيت","2","https://www.google.com/maps/search/?api=1&query=%D8%A7%D9%84%D8%A7%D9%8A%D9%85%D8%A7%D9%86%20%D8%AC%D9%8A%D8%AA&query_place_id=ChIJ8amF_oIPNhQRJxiJ57hYc9E",
,,,,,,,,,,,,,,,,,,,,,,,,,,,,,,,,,,,,,,,,,,,,,,,,,,,,,,,,,,,,,,,,,,,,,,,,,,,,,,,,,,,,,,,,,,,,,,,,,,,,"J78C+JQM, Shebeen, El Sheikh Zayed, Ismailia 3, Ismailia Governorate 8365020, Egypt","Bus ticket agency",,,,,,,,,,"Bus ticket agency","9079601109744422624","Ismailia 3","true","EG","0x14f8597bef842e4d:0x7e01391a808f0ee0",,"https://lh3.googleusercontent.com/gps-cs-s/AG0ilSzKkxObGzOjuUEXG7Gxi2UM_TUrzsCOigVK41x2H_VvrWF0Z6c_r9qHvOmdcRBwkn35ltBLjqBeo_FxuhzxfLipYdHYxMCZ5ZownAefiq334zW0-GOPxgf_ErDo4mjdl8sfIt8m=w408-h306-k-no","57","false","/g/11clw65kzv","en","30.6165889","32.2719213","El Sheikh Zayed",,,,,,,,,,,,,,,"false","+20 64 3965684","+20643965684","ChIJTS6E73tZ-BQR4A6PgBo5AX4",,,"1","509","2025-12-13T21:20:22.903Z","https://www.google.com/maps/search/%D8%B4%D8%B1%D9%83%D8%A7%D8%AA%20%D8%A7%D9%84%D8%A7%D8%AA%D9%88%D8%A8%D9%8A%D8%B3%D8%A7%D8%AA%20%D9%81%D9%89%20%D9%85%D8%B5%D8%B1/@29.716669076040983,32.898731591611586,9z?hl=en","شركات الاتوبيسات فى مصر","Ismailia Governorate","J78C+JQM, Shebeen",,"false","شركة شرق الدلتا للنقل والسياحة","3.1","https://www.google.com/maps/search/?api=1&query=%D8%B4%D8%B1%D9%83%D8%A9%20%D8%B4%D8%B1%D9%82%20%D8%A7%D9%84%D8%AF%D9%84%D8%AA%D8%A7%20%D9%84%D9%84%D9%86%D9%82%D9%84%20%D9%88%D8%A7%D9%84%D8%B3%D9%8A%D8%A7%D8%AD%D8%A9&query_place_id=ChIJTS6E73tZ-BQR4A6PgBo5AX4","http://eastdelta-travel.com/"
,"true",,,,,,"true",,,,,,,,,,,,,,,,,,,,,,,,,,,,,,,,,,,,,,,,,,,,,,,,,,,,,,,,,,,,,,,,,,,,,,,,,,,,,,,,,,,,,,,,,,,,,"J78C+JQ7, El Sheikh Zayed, Ismailia 3, Ismailia Governorate 8365020, Egypt","Transportation service",,,,,,,,,,"Transportation service","3172477375340316601","Ismailia 3","true","EG","0x14f8597befa1b851:0x2c06e75d471f87b9",,"https://lh3.googleusercontent.com/gps-cs-s/AG0ilSwED_98mulDwbq4KaCyHK1PiqpaLzN1vC34qFe4sKIR7AuPJ5kGsJ7oBu2ucKRKfy0Iu5Tx_twmcJZdGNC6eJt4IFxaOOed-P5zCP6yykGUM5plpWnNFoO3vCZFiOAAfCcwFq_cWQ=w408-h544-k-no","9","false","/g/11bztg70xd","en","30.6165451","32.2719318","El Sheikh Zayed","Monday","Open 24 hours","Tuesday","Open 24 hours","Wednesday","Open 24 hours","Thursday","Open 24 hours","Friday","Open 24 hours","Saturday","Open 24 hours","Sunday","Open 24 hours","false","+20 12 75460893","+201275460893","ChIJUbih73tZ-BQRuYcfR13nBiw",,,"2","522","2025-12-13T21:20:22.903Z","https://www.google.com/maps/search/%D8%B4%D8%B1%D9%83%D8%A7%D8%AA%20%D8%A7%D9%84%D8%A7%D8%AA%D9%88%D8%A8%D9%8A%D8%B3%D8%A7%D8%AA%20%D9%81%D9%89%20%D9%85%D8%B5%D8%B1/@29.716669076040983,32.898731591611586,9z?hl=en","شركات الاتوبيسات فى مصر","Ismailia Governorate","J78C+JQ7",,"false","محطة اتوبيسات شرق الدلتا","3.3","https://www.google.com/maps/search/?api=1&query=%D9%85%D8%AD%D8%B7%D8%A9%20%D8%A7%D8%AA%D9%88%D8%A8%D9%8A%D8%B3%D8%A7%D8%AA%20%D8%B4%D8%B1%D9%82%20%D8%A7%D9%84%D8%AF%D9%84%D8%AA%D8%A7&query_place_id=ChIJUbih73tZ-BQRuYcfR13nBiw",
,"true",,,,,,"true",,,,,,,,,,,,,,,,,,,"true",,,,,,,,,,,,,,,,,,,,,,,,,,,,,,,,,,,,,,,,,,,,,,,,,,,,,,,,,,,,,,,,,,,,,,,,,,"XFRW+HXJ, طريق, Faisal, Suez Governorate 8151650, Egypt","Public transport",,,,,,,,,,"Public transport","16118287889006311989","Faisal","true","EG","0x14562f037f20d5b9:0xdfafa96fcbb3ba35",,"https://lh3.googleusercontent.com/gps-cs-s/AG0ilSzgwOHSAeLZGWvInuv3kiI9Elh0Wifgqsmy37VNJv4w2SHtgg-TSulDZqRyNIVWnooDnfJN3MOYeni8fQHBhb87JNVfX4EuBm31_RJ65vKBNT0ewUNKYu0pR-6olZseh1wobjoeDw=w408-h306-k-no","72","false","/g/11bw4sqxqd","en","29.9914598","32.4973816",,,,,,,,,,,,,,,,"false",,,"ChIJudUgfwMvVhQRNbqzy2-pr98","8151650",,"3","1317","2025-12-13T21:20:22.904Z","https://www.google.com/maps/search/%D8%B4%D8%B1%D9%83%D8%A7%D8%AA%20%D8%A7%D9%84%D8%A7%D8%AA%D9%88%D8%A8%D9%8A%D8%B3%D8%A7%D8%AA%20%D9%81%D9%89%20%D9%85%D8%B5%D8%B1/@29.716669076040983,32.898731591611586,9z?hl=en","شركات الاتوبيسات فى مصر","Suez Governorate","XFRW+HXJ, طريق","موقف الأوتوبيس (سوبر جيت)","false","Bus Station (Superjet)","3.4","https://www.google.com/maps/search/?api=1&query=Bus%20Station%20(Superjet)&query_place_id=ChIJudUgfwMvVhQRNbqzy2-pr98",
,"true",,,,,,"true",,,,,,,,,,,,,,,,,,,,,,,,,,,,,,,,,,,,,,,,,,,,,,,,,,,,,,,,,,,,,,,,,,,,,,,,,,,,,,,,,,,,,,,,,,,,,"suez cairo desert rd.، FAISAL, Arbaeen, Suez Governorate 8160131, Egypt","Transportation service",,,,,,,,,,"Transportation service","5385357804976937980","Arbaeen","true","EG","0x1457d90000000001:0x4abca2640a071bfc",,,,"false","/g/1tjzmwrj","en","29.9690843","32.5302297","FAISAL","Monday","Open 24 hours","Tuesday","Closed","Wednesday","Closed","Thursday","Closed","Friday","Closed","Saturday","Open 24 hours","Sunday","Open 24 hours","false","+20 62 3664258","+20623664258","ChIJAQAAAADZVxQR_BsHCmSivEo",,,"4","19","2025-12-13T21:20:22.904Z","https://www.google.com/maps/search/%D8%B4%D8%B1%D9%83%D8%A7%D8%AA%20%D8%A7%D9%84%D8%A7%D8%AA%D9%88%D8%A8%D9%8A%D8%B3%D8%A7%D8%AA%20%D9%81%D9%89%20%D9%85%D8%B5%D8%B1/@29.716669076040983,32.898731591611586,9z?hl=en","شركات الاتوبيسات فى مصر","Suez Governorate","suez cairo desert rd.","الصعيد للنقل والسياحة","false","Upper Egypt For Transport & Tourism","3.2","https://www.google.com/maps/search/?api=1&query=Upper%20Egypt%20For%20Transport%20%26%20Tourism&query_place_id=ChIJAQAAAADZVxQR_BsHCmSivEo",
,"true",,,,,,"true",,,,,,,,,,,,,,,,,,,"true",,,,,,,,,,,,,,,,,,,,,,,,,,,,,,,,,,,,,,,,,,,,,,,,,,,,,,,,,,,,,,,,,,,,,,,,,,"HPPF+MPX, Ras Sidr, South Sinai Governorate 8745301, Egypt","Transportation service",,,,,,,,,,"Transportation service","5611476179161747939","Ras Sidr","true","EG","0x1456682c08884063:0x4ddff7daa48091e3",,"https://lh3.googleusercontent.com/gps-cs-s/AG0ilSwCxnxlkuaaKqwvlRTq366Wbf3TTxERgpdImJWbgWUPsGY3HCS_Yd2xBIGYvjRCQalYbsu7yLN90GQYedJrhkf5pIpqRZEtxorfSYkLIjU2pts3Nqn53djBRVQHOoaX6DSbOmQXfA=w408-h306-k-no","45","false","/g/11byx8dpkf","en","29.5867265","32.7243555",,"Monday","Open 24 hours","Tuesday","Open 24 hours","Wednesday","Open 24 hours","Thursday","Open 24 hours","Friday","Open 24 hours","Saturday","Open 24 hours","Sunday","Open 24 hours","false","+20 69 3401981","+20693401981","ChIJY0CICCxoVhQR45GApNr3300","8745301",,"5","1337","2025-12-13T21:20:22.904Z","https://www.google.com/maps/search/%D8%B4%D8%B1%D9%83%D8%A7%D8%AA%20%D8%A7%D9%84%D8%A7%D8%AA%D9%88%D8%A8%D9%8A%D8%B3%D8%A7%D8%AA%20%D9%81%D9%89%20%D9%85%D8%B5%D8%B1/@29.716669076040983,32.898731591611586,9z?hl=en","شركات الاتوبيسات فى مصر","South Sinai Governorate","HPPF+MPX","محطة شرق الدلتا للنقل والسياحة","false","East Delta Buses and Tourism - Ras Sidr coach station","2.9","https://www.google.com/maps/search/?api=1&query=East%20Delta%20Buses%20and%20Tourism%20-%20Ras%20Sidr%20coach%20station&query_place_id=ChIJY0CICCxoVhQR45GApNr3300",
,"true",,,,,,"true",,,,,,,,,,,,,,,,,,,,,,,,,,,,,,,,,,,,,,,,,,,,,,,,,,,,,,,,,,,,,,,,,,,,,,,,,,,,,,,,,,,,,,,,,,,,,"J78C+8X7, El Sheikh Zayed, Ismailia, Ismailia Governorate 8365020, Egypt","Transportation service",,,,,,,,,,"Transportation service","14833018600390083514","Ismailia","true","EG","0x14f8597b95441075:0xcdd977d40f0343ba",,"https://lh3.googleusercontent.com/gps-cs-s/AG0ilSwjKS3FFpEK7nj9vopuP9BikRCViX_Tz3W3o_c5M1py08lWxi1DeXfnHtYBw4Rx-js0sdDAhDr_FgmY-0gG951oP1EOVNzSW383n-4f3i7ZdZ1gNDf1R7udR4QqWjCfzptWrZk=w408-h306-k-no","5","false","/g/11cs322tdm","en","30.6157974","32.2724143","El Sheikh Zayed","Monday","9 AM to 5 PM","Tuesday","9 AM to 5 PM","Wednesday","9 AM to 5 PM","Thursday","9 AM to 5 PM","Friday","9 AM to 5 PM","Saturday","9 AM to 5 PM","Sunday","9 AM to 5 PM","false","+20 12 71460067","+201271460067","ChIJdRBElXtZ-BQRukMDD9R32c0","8365020",,"6","183","2025-12-13T21:20:22.904Z","https://www.google.com/maps/search/%D8%B4%D8%B1%D9%83%D8%A7%D8%AA%20%D8%A7%D9%84%D8%A7%D8%AA%D9%88%D8%A8%D9%8A%D8%B3%D8%A7%D8%AA%20%D9%81%D9%89%20%D9%85%D8%B5%D8%B1/@29.716669076040983,32.898731591611586,9z?hl=en","شركات الاتوبيسات فى مصر","Ismailia Governorate","J78C+8X7",,"false","موقف سوبر جيت اسماعيلية","3.3","https://www.google.com/maps/search/?api=1&query=%D9%85%D9%88%D9%82%D9%81%20%D8%B3%D9%88%D8%A8%D8%B1%20%D8%AC%D9%8A%D8%AA%20%D8%A7%D8%B3%D9%85%D8%A7%D8%B9%D9%8A%D9%84%D9%8A%D8%A9&query_place_id=ChIJdRBElXtZ-BQRukMDD9R32c0",
,,,,,,,,,,,,,,,,,,,,,,,,,,"true",,,,,,,,,,,,,,,,,,,,,,,,,,,,,,,,,,,,,,,,,,,,,,,,,,,,,,,,,,,,,,,,,,,,,,,,,,"XFRW+CQQ, Unnamed Road, Faisal, Suez Governorate, Egypt","Bus company",,,,,,,,,,"Bus company","3042899300402811252","Faisal","true","EG","0x14562f1f642c1fbf:0x2a3a8ccaafcb5174",,,,"false","/g/11ffjvmdhv","en","29.9910887","32.4969976",,,,,,,,,,,,,,,,"false","+20 12 00028938","+201200028938","ChIJvx8sZB8vVhQRdFHLr8qMOio",,,"7",,"2025-12-13T21:20:22.904Z","https://www.google.com/maps/search/%D8%B4%D8%B1%D9%83%D8%A7%D8%AA%20%D8%A7%D9%84%D8%A7%D8%AA%D9%88%D8%A8%D9%8A%D8%B3%D8%A7%D8%AA%20%D9%81%D9%89%20%D9%85%D8%B5%D8%B1/@29.716669076040983,32.898731591611586,9z?hl=en","شركات الاتوبيسات فى مصر","Suez Governorate","XFRW+CQQ, Unnamed Road",,"false","Star Jet",,"https://www.google.com/maps/search/?api=1&query=Star%20Jet&query_place_id=ChIJvx8sZB8vVhQRdFHLr8qMOio",
,,,,,,,,,,,,,,,,,,,,,,,,,,,,,,,,,,,,,,,,,,,,,,,,,,,,,,,,,,,,,,,,,,,,,,,,,,,,,,,,,,,,,,,,,,,,,,,,,,,,"يوليو-23، السويس،، الاربعين، السويس،, Egypt","Transportation service",,,,,,,,,,"Transportation service","13024749256576147485","Arbaeen","true","EG","0x145625c2faf75ebb:0xb4c13470d6c1201d",,,,"false","/g/11rxvl_fvv","en","29.9789066","32.5428749",,,,,,,,,,,,,,,,"false","+20 10 33426111","+201033426111","ChIJu173-sIlVhQRHSDB1nA0wbQ",,,"8","7","2025-12-13T21:20:22.904Z","https://www.google.com/maps/search/%D8%B4%D8%B1%D9%83%D8%A7%D8%AA%20%D8%A7%D9%84%D8%A7%D8%AA%D9%88%D8%A8%D9%8A%D8%B3%D8%A7%D8%AA%20%D9%81%D9%89%20%D9%85%D8%B5%D8%B1/@29.716669076040983,32.898731591611586,9z?hl=en","شركات الاتوبيسات فى مصر","Suez Governorate","يوليو-23، السويس،، الاربعين، السويس،",,"false","شركة أتوبيس الرشيدي للنقل العام","3.9","https://www.google.com/maps/search/?api=1&query=%D8%B4%D8%B1%D9%83%D8%A9%20%D8%A3%D8%AA%D9%88%D8%A8%D9%8A%D8%B3%20%D8%A7%D9%84%D8%B1%D8%B4%D9%8A%D8%AF%D9%8A%20%D9%84%D9%84%D9%86%D9%82%D9%84%20%D8%A7%D9%84%D8%B9%D8%A7%D9%85&query_place_id=ChIJu173-sIlVhQRHSDB1nA0wbQ",
,"true",,,,,,"true",,,,,,,,,,,,,,,,,,,,,,,,,,,,,,,,,,,,,,,,,,,,,,,,,,,,,,,,,,,,,,,,,,,,,,,,,,,,,,,,,,,,,,,,,,,,,"Al Maady - Bear Gendaly - Al Katameya, Attaka, Suez Governorate 8130101, Egypt","Industry",,,,,,,,,,"Industry","17745895890328434368","Attaka","false","EG","0x1457add270000001:0xf646164a5c1736c0",,"https://lh3.googleusercontent.com/gps-cs-s/AG0ilSxAIbd_KnALqa_oSojw4LBsX3tamPcii7ELjKZ_GUkvT_6eVD8KjXJQp6_1uzCdfNL2CRaqSrtOEI8DcRDJ_JpSjuo06Zwv0dfZfu-N7mdnj4k9Y_WW2pzZ2Kn8AJtx31i0LFZf=w408-h256-k-no","2","false","/g/11txv27_bh","en","29.6341921","32.2760224",,"Monday","8 AM to 4:30 PM","Tuesday","8 AM to 4:30 PM","Wednesday","8 AM to 4:30 PM","Thursday","8 AM to 4:30 PM","Friday","Closed","Saturday","Closed","Sunday","8 AM to 4:30 PM","false",,,"ChIJAQAAcNKtVxQRwDYXXEoWRvY","8130101",,"9","7","2025-12-13T21:20:22.904Z","https://www.google.com/maps/search/%D8%B4%D8%B1%D9%83%D8%A7%D8%AA%20%D8%A7%D9%84%D8%A7%D8%AA%D9%88%D8%A8%D9%8A%D8%B3%D8%A7%D8%AA%20%D9%81%D9%89%20%D9%85%D8%B5%D8%B1/@29.716669076040983,32.898731591611586,9z?hl=en","شركات الاتوبيسات فى مصر","Suez Governorate","Al Maady - Bear Gendaly - Al Katameya",,"false","GB Bus Manufacturing Facility & Showroom","5","https://www.google.com/maps/search/?api=1&query=GB%20Bus%20Manufacturing%20Facility%20%26%20Showroom&query_place_id=ChIJAQAAcNKtVxQRwDYXXEoWRvY","http://gbbus.com/"
"true",,,,,,"true",,,,,,"true",,,,,,"true",,,,,,"true",,,,,,,,,,,,,,,,,,,,,,,,,,,,,,,,,,,,,,,,,,,,,,,,,,,,,,,,,,,,,,,,,,,,,,,,,,,,"7RXC+4R, 10th of Ramadan City 1, Al-Sharqia Governorate 7068215, Egypt","Car factory",,,,,,,,,,"Car factory","5313383141490184292","10th of Ramadan City 1","false","EG","0x14f809c984d998cd:0x49bcedd0d0125064",,"https://lh3.googleusercontent.com/gps-cs-s/AG0ilSwgvRpYPLZAJtI19sQOwaGwJsOJWK_xYpd2GfwpF7hWZRPQ5rGg-T_BWZetmhVbDw6BocVWhrpjnHGPatpElQLnB_9HcFKI-hh0SuF9sDtxR6orH_NfDnJ0sJywbJ4HiWzBUJI1=w426-h240-k-no","72","false","/g/11hvcb3hs_","en","30.2977979","31.8220304",,"Monday","9 AM to 5 PM","Tuesday","9 AM to 5 PM","Wednesday","9 AM to 5 PM","Thursday","9 AM to 5 PM","Friday","Closed","Saturday","Closed","Sunday","9 AM to 5 PM","false",,,"ChIJzZjZhMkJ-BQRZFAS0NDtvEk",,,"10","177","2025-12-13T21:20:22.904Z","https://www.google.com/maps/search/%D8%B4%D8%B1%D9%83%D8%A7%D8%AA%20%D8%A7%D9%84%D8%A7%D8%AA%D9%88%D8%A8%D9%8A%D8%B3%D8%A7%D8%AA%20%D9%81%D9%89%20%D9%85%D8%B5%D8%B1/@29.716669076040983,32.898731591611586,9z?hl=en","شركات الاتوبيسات فى مصر","Al-Sharqia Governorate","7RXC+4R","شركة جيوشي لصناعة وسائل النقل","false","Geyushi Automotive industry","4.4","https://www.google.com/maps/search/?api=1&query=Geyushi%20Automotive%20industry&query_place_id=ChIJzZjZhMkJ-BQRZFAS0NDtvEk",
,"true",,,,,,"true",,,,,,"true",,,,,,,,,,,,,"true",,,,,,,,,,,,,,,,,,,,,,,,,,,,,,,,,,,,,,,,,,,,,,,,,,,,"true",,,,,,,,,,,,,,,,,,,,,,"4PPP+525, Al Asher Men Ramadan - Badr, Badr, Cairo Governorate 4950642, Egypt","Parking lot",,,,,,,,,,"Parking lot","10329704116481424737","Badr","true","EG","0x1457f0bbbfe3757b:0x8f5a7b2a31c3fd61",,"https://lh3.googleusercontent.com/gps-cs-s/AG0ilSx6MW5NnBltTZDa7E0lB2s5RZSnY5NeU0a-6ArRoig-XZuIUzplYEmY23lMQZx1LSkwSRAnwG8h0lFURIYvfoCyeJbsaw8VvevwCJIdSd2i-EaxQnd6Odi8MCjL5O3CX-AWOId4=w426-h240-k-no","202","false","/g/11cjk2lhdd","en","30.1353812","31.7350981",,"Monday","6 AM to 9:30 PM","Tuesday","6 AM to 9:30 PM","Wednesday","6 AM to 9:30 PM","Thursday","6 AM to 9:30 PM","Friday","6 AM to 9:30 PM","Saturday","6 AM to 9:30 PM","Sunday","6 AM to 9:30 PM","false",,,"ChIJe3Xjv7vwVxQRYf3DMSp7Wo8",,,"11","2101","2025-12-13T21:20:22.904Z","https://www.google.com/maps/search/%D8%B4%D8%B1%D9%83%D8%A7%D8%AA%20%D8%A7%D9%84%D8%A7%D8%AA%D9%88%D8%A8%D9%8A%D8%B3%D8%A7%D8%AA%20%D9%81%D9%89%20%D9%85%D8%B5%D8%B1/@29.716669076040983,32.898731591611586,9z?hl=en","شركات الاتوبيسات فى مصر","Cairo Governorate","4PPP+525, Al Asher Men Ramadan - Badr",,"false","موقف اتوبيس عام مدينة بدر","3.8","https://www.google.com/maps/search/?api=1&query=%D9%85%D9%88%D9%82%D9%81%20%D8%A7%D8%AA%D9%88%D8%A8%D9%8A%D8%B3%20%D8%B9%D8%A7%D9%85%20%D9%85%D8%AF%D9%8A%D9%86%D8%A9%20%D8%A8%D8%AF%D8%B1&query_place_id=ChIJe3Xjv7vwVxQRYf3DMSp7Wo8","https://www.masress.com/almessa/287768"
,,,,,,,,,,,,,,,,,,,,,,,,,,,,,,,,,,,,,,,,,,,,,,,,,,,,,,,,,,,,,,,,,,,,,,,,,,,,,,,,,,,,,,,,,,,,,,,,,,,,"., El Sheikh Zayed, Ismailia 3, Ismailia Governorate 8365034, Egypt",,,,,,,,,,,,"1486761713855175794","Ismailia 3","true","EG","0x14f8597059ae99e7:0x14a209e6cbfd1c72",,,,"false","/g/11b5pjw7g3","en","30.612644","32.2787094","El Sheikh Zayed",,,,,,,,,,,,,,,"false","+20 64 3201513","+20643201513","ChIJ55muWXBZ-BQRchz9y-YJohQ",,,"12","27","2025-12-13T21:20:22.904Z","https://www.google.com/maps/search/%D8%B4%D8%B1%D9%83%D8%A7%D8%AA%20%D8%A7%D9%84%D8%A7%D8%AA%D9%88%D8%A8%D9%8A%D8%B3%D8%A7%D8%AA%20%D9%81%D9%89%20%D9%85%D8%B5%D8%B1/@29.716669076040983,32.898731591611586,9z?hl=en","شركات الاتوبيسات فى مصر","Ismailia Governorate",".","شرق الدلتا للنقل والسياحة","false","East Delta Travel","2.5","https://www.google.com/maps/search/?api=1&query=East%20Delta%20Travel&query_place_id=ChIJ55muWXBZ-BQRchz9y-YJohQ","http://www.eastdelta-travel.com/"
